id,title,description,image_link,link,product_type,brand,price,availability,item_group_id,checkout_url,additional_image_link,video,sale_price_effective_date,sale_price,condition,visibility,gender,color,size,pattern,google_product_category,default_product,variant,gtin,quantity_to_sell_on_facebook,custom_label_4,rich_text_description,internal_label,external_variant_id, is_woo_all_products_sync
495,"طقم مواليد أولاد تاج الأمير","طقم مواليد أولادي 6 قطع بتصميم ملكي راقي، مزين بتطريز تاج الأمير يضفي لمسة فخامة على إطلالة طفلك، القماش القطني الناعم يمنح البشرة الحساسة الراحة طوال اليوم، مع تصميم عملي يسهل ارتداء الطقم وتغييره، ليجعل أول أيام طفلك مليئة بالأناقة والراحة 
 
مميزات المنتج 
 
  تصميم ملكي أنيق مستوحى من تاج الأمير 
  خامة قطنية ناعمة ومريحة للبشرة الحساسة 
  مناسب لإستقبال المولود وحفلات السبوع 
  سهولة ارتداء وفك القطع بفضل أزرار الكبس العملية 
  خامة عملية تحافظ على شكلها بعد الغسيل 
  هدية أنيقة للمولود الجديد 
 
محتويات الطقم 
 
  سالوبيت مواليد بأزرار كبس 
  كاب مطرز 
  مريلة / بيبيتو 
  قفازات قماش ناعمة 
  حذاء بيبي قماش ناعم 
  بطانية / لفة مواليد مطرزة 
 
المقاسات المتوفرة 
 
  حديثي الولادة (Newborn) 
  من 0 إلى 3 شهور 
  من 3 شهور إلى 6 شهور",http://eg.katkotna.com/wp-content/uploads/sites/3/2026/04/طقم-مواليد-اولاد-تاج-الامير.jpg,https://eg.katkotna.com/shop/baby-boy-gift-set-prince-crown/,"أطقم مواليد أولاد","Katkotna EG","990EGP","in stock",495,,,,,,new,"published",,,,,,,,,,"https://eg.katkotna.com/fbcollection/","<p style='direction: rtl;' data-start='111' data-end='383'>طقم مواليد أولادي 6 قطع بتصميم ملكي راقي، مزين بتطريز تاج الأمير يضفي لمسة فخامة على إطلالة طفلك، القماش القطني الناعم يمنح البشرة الحساسة الراحة طوال اليوم، مع تصميم عملي يسهل ارتداء الطقم وتغييره، ليجعل أول أيام طفلك مليئة بالأناقة والراحة</p>

<h3 style='direction: rtl;' data-section-id='rkhs45' data-start='417' data-end='434'>مميزات المنتج</h3>
<ul data-start='621' data-end='869'>
 	<li style='direction: rtl;' data-section-id='10ntj04' data-start='439' data-end='479'>تصميم ملكي أنيق مستوحى من تاج الأمير</li>
 	<li style='direction: rtl;' data-section-id='g3x2u7' data-start='474' data-end='516'>خامة قطنية ناعمة ومريحة للبشرة الحساسة</li>
 	<li style='direction: rtl;'>مناسب لإستقبال المولود وحفلات السبوع</li>
 	<li style='direction: rtl;'>سهولة ارتداء وفك القطع بفضل أزرار الكبس العملية</li>
 	<li style='direction: rtl;'>خامة عملية تحافظ على شكلها بعد الغسيل</li>
 	<li style='direction: rtl;' data-section-id='15hyuq4' data-start='649' data-end='678'>هدية أنيقة للمولود الجديد</li>
</ul>
<h3 style='direction: rtl;' data-section-id='15to1h4' data-start='579' data-end='596'>محتويات الطقم</h3>
<ul data-start='887' data-end='1016'>
 	<li style='direction: rtl;' data-section-id='1qze9it' data-start='887' data-end='916'>سالوبيت مواليد بأزرار كبس</li>
 	<li style='direction: rtl;' data-section-id='pep0t1' data-start='917' data-end='929'>كاب مطرز</li>
 	<li style='direction: rtl;' data-section-id='18syvti' data-start='930' data-end='948'>مريلة / بيبيتو</li>
 	<li style='direction: rtl;' data-section-id='18syvti' data-start='930' data-end='948'>قفازات قماش ناعمة</li>
 	<li style='direction: rtl;' data-section-id='1bwg3ow' data-start='949' data-end='986'>حذاء بيبي قماش ناعم</li>
 	<li style='direction: rtl;' data-section-id='1qvtznp' data-start='987' data-end='1016'>بطانية / لفة مواليد مطرزة</li>
</ul>
<h3 style='direction: rtl;' data-section-id='h9w2bq' data-start='705' data-end='726'>المقاسات المتوفرة</h3>
<ul data-start='1038' data-end='1085'>
 	<li style='direction: rtl;' data-section-id='1dw9m3n' data-start='1038' data-end='1065'>حديثي الولادة (Newborn)</li>
 	<li style='direction: rtl;' data-section-id='1jncg16' data-start='1066' data-end='1085'>من 0 إلى 3 شهور</li>
 	<li style='direction: rtl;' data-section-id='1jncg16' data-start='1066' data-end='1085'>من 3 شهور إلى 6 شهور</li>
</ul>",['no_shipping_class'],495,
493,"طقم مواليد أولاد تاج وإكليل","طقم مواليد أولادي 6 قطع أنيق ومريح، مزين بتطريز تاج وإكليل يضفي لمسة ملكية راقية على إطلالة الطفل، مصنوع من خامة قطنية ناعمة تحافظ على نعومة بشرة المولود وتمنحه راحة طوال اليوم، مع تصميم عملي يسهل الإرتداء والتغيير 
 
مميزات المنتج 
 
  تصميم ملكي فخم 
  خامة قطنية ناعمة ومريحة للبشرة الحساسة 
  مناسب لإستقبال المولود وحفلات السبوع 
  سهولة ارتداء وفك القطع بفضل أزرار الكبس العملية 
  خامة عملية تحافظ على شكلها بعد الغسيل 
  هدية أنيقة للمولود الجديد 
 
محتويات الطقم 
 
  سالوبيت مواليد بأزرار كبس 
  كاب مطرز 
  مريلة / بيبيتو 
  قفازات قماش ناعمة 
  حذاء بيبي قماش ناعم 
  بطانية / لفة مواليد مطرزة 
 
المقاسات المتوفرة 
 
  حديثي الولادة (Newborn) 
  من 0 إلى 3 شهور 
  من 3 شهور إلى 6 شهور",http://eg.katkotna.com/wp-content/uploads/sites/3/2026/04/طقم-مواليد-اولاد-تاج-و-فرع.jpg,https://eg.katkotna.com/shop/baby-boy-gift-set-crown-wreath/,"أطقم مواليد أولاد","Katkotna EG","990EGP","in stock",493,,,,,,new,"published",,,,,,,,,,"https://eg.katkotna.com/fbcollection/","<p style='direction: rtl;' data-start='170' data-end='402'>طقم مواليد أولادي 6 قطع أنيق ومريح، مزين بتطريز تاج وإكليل يضفي لمسة ملكية راقية على إطلالة الطفل، مصنوع من خامة قطنية ناعمة تحافظ على نعومة بشرة المولود وتمنحه راحة طوال اليوم، مع تصميم عملي يسهل الإرتداء والتغيير</p>

<h3 style='direction: rtl;' data-section-id='rkhs45' data-start='417' data-end='434'>مميزات المنتج</h3>
<ul data-start='621' data-end='869'>
 	<li style='direction: rtl;' data-section-id='1iydudw' data-start='437' data-end='473'>تصميم ملكي فخم</li>
 	<li style='direction: rtl;' data-section-id='g3x2u7' data-start='474' data-end='516'>خامة قطنية ناعمة ومريحة للبشرة الحساسة</li>
 	<li style='direction: rtl;'>مناسب لإستقبال المولود وحفلات السبوع</li>
 	<li style='direction: rtl;'>سهولة ارتداء وفك القطع بفضل أزرار الكبس العملية</li>
 	<li style='direction: rtl;'>خامة عملية تحافظ على شكلها بعد الغسيل</li>
 	<li style='direction: rtl;' data-section-id='15hyuq4' data-start='649' data-end='678'>هدية أنيقة للمولود الجديد</li>
</ul>
<h3 style='direction: rtl;' data-section-id='15to1h4' data-start='579' data-end='596'>محتويات الطقم</h3>
<ul data-start='887' data-end='1016'>
 	<li style='direction: rtl;' data-section-id='1qze9it' data-start='887' data-end='916'>سالوبيت مواليد بأزرار كبس</li>
 	<li style='direction: rtl;' data-section-id='pep0t1' data-start='917' data-end='929'>كاب مطرز</li>
 	<li style='direction: rtl;' data-section-id='18syvti' data-start='930' data-end='948'>مريلة / بيبيتو</li>
 	<li style='direction: rtl;' data-section-id='18syvti' data-start='930' data-end='948'>قفازات قماش ناعمة</li>
 	<li style='direction: rtl;' data-section-id='1bwg3ow' data-start='949' data-end='986'>حذاء بيبي قماش ناعم</li>
 	<li style='direction: rtl;' data-section-id='1qvtznp' data-start='987' data-end='1016'>بطانية / لفة مواليد مطرزة</li>
</ul>
<h3 style='direction: rtl;' data-section-id='h9w2bq' data-start='705' data-end='726'>المقاسات المتوفرة</h3>
<ul data-start='1038' data-end='1085'>
 	<li style='direction: rtl;' data-section-id='1dw9m3n' data-start='1038' data-end='1065'>حديثي الولادة (Newborn)</li>
 	<li style='direction: rtl;' data-section-id='1jncg16' data-start='1066' data-end='1085'>من 0 إلى 3 شهور</li>
 	<li style='direction: rtl;' data-section-id='1jncg16' data-start='1066' data-end='1085'>من 3 شهور إلى 6 شهور</li>
</ul>",['no_shipping_class'],493,
491,"طقم مواليد أولاد أجنحة وغصن","طقم مواليد أولادي 6 قطع بتصميم هادئ وملائكي، مزين بتطريز أجنحة صغيرة وغصن رقيق يضفي لمسة لطيفة على إطلالة الطفل، مصنوع من خامة قطنية ناعمة تحافظ على نعومة البشرة وتمنح الطفل راحة طوال اليوم، مع تصميم عملي يسهل الإرتداء والتغيير 
 
مميزات المنتج 
 
  تصميم رقيق وملائكي يجمع بين الأجنحة والغصن 
  خامة قطنية ناعمة ومريحة للبشرة الحساسة 
  مناسب لإستقبال المولود وحفلات السبوع 
  سهولة ارتداء وفك القطع بفضل أزرار الكبس العملية 
  خامة عملية تحافظ على شكلها بعد الغسيل 
  هدية أنيقة للمولود الجديد 
 
محتويات الطقم 
 
  سالوبيت مواليد بأزرار كبس 
  كاب مطرز 
  مريلة / بيبيتو 
  قفازات قماش ناعمة 
  حذاء بيبي قماش ناعم 
  بطانية / لفة مواليد مطرزة 
 
المقاسات المتوفرة 
 
  حديثي الولادة (Newborn) 
  من 0 إلى 3 شهور 
  من 3 شهور إلى 6 شهور",http://eg.katkotna.com/wp-content/uploads/sites/3/2026/04/طقم-مواليد-اولاد-اجنحة-و-فرع.jpg,https://eg.katkotna.com/shop/baby-boy-gift-set-wings-branch/,"أطقم مواليد أولاد","Katkotna EG","990EGP","in stock",491,,,,,,new,"published",,,,,,,,,,"https://eg.katkotna.com/fbcollection/","<p style='direction: rtl;' data-start='170' data-end='406'>طقم مواليد أولادي 6 قطع بتصميم هادئ وملائكي، مزين بتطريز أجنحة صغيرة وغصن رقيق يضفي لمسة لطيفة على إطلالة الطفل، مصنوع من خامة قطنية ناعمة تحافظ على نعومة البشرة وتمنح الطفل راحة طوال اليوم، مع تصميم عملي يسهل الإرتداء والتغيير</p>

<h3 style='direction: rtl;' data-section-id='rkhs45' data-start='417' data-end='434'>مميزات المنتج</h3>
<ul data-start='621' data-end='869'>
 	<li style='direction: rtl;' data-section-id='1gg2xg4' data-start='426' data-end='464'>تصميم رقيق وملائكي يجمع بين الأجنحة والغصن</li>
 	<li style='direction: rtl;' data-section-id='g3x2u7' data-start='474' data-end='516'>خامة قطنية ناعمة ومريحة للبشرة الحساسة</li>
 	<li style='direction: rtl;'>مناسب لإستقبال المولود وحفلات السبوع</li>
 	<li style='direction: rtl;'>سهولة ارتداء وفك القطع بفضل أزرار الكبس العملية</li>
 	<li style='direction: rtl;'>خامة عملية تحافظ على شكلها بعد الغسيل</li>
 	<li style='direction: rtl;' data-section-id='15hyuq4' data-start='649' data-end='678'>هدية أنيقة للمولود الجديد</li>
</ul>
<h3 style='direction: rtl;' data-section-id='15to1h4' data-start='579' data-end='596'>محتويات الطقم</h3>
<ul data-start='887' data-end='1016'>
 	<li style='direction: rtl;' data-section-id='1qze9it' data-start='887' data-end='916'>سالوبيت مواليد بأزرار كبس</li>
 	<li style='direction: rtl;' data-section-id='pep0t1' data-start='917' data-end='929'>كاب مطرز</li>
 	<li style='direction: rtl;' data-section-id='18syvti' data-start='930' data-end='948'>مريلة / بيبيتو</li>
 	<li style='direction: rtl;' data-section-id='18syvti' data-start='930' data-end='948'>قفازات قماش ناعمة</li>
 	<li style='direction: rtl;' data-section-id='1bwg3ow' data-start='949' data-end='986'>حذاء بيبي قماش ناعم</li>
 	<li style='direction: rtl;' data-section-id='1qvtznp' data-start='987' data-end='1016'>بطانية / لفة مواليد مطرزة</li>
</ul>
<h3 style='direction: rtl;' data-section-id='h9w2bq' data-start='705' data-end='726'>المقاسات المتوفرة</h3>
<ul data-start='1038' data-end='1085'>
 	<li style='direction: rtl;' data-section-id='1dw9m3n' data-start='1038' data-end='1065'>حديثي الولادة (Newborn)</li>
 	<li style='direction: rtl;' data-section-id='1jncg16' data-start='1066' data-end='1085'>من 0 إلى 3 شهور</li>
 	<li style='direction: rtl;' data-section-id='1jncg16' data-start='1066' data-end='1085'>من 3 شهور إلى 6 شهور</li>
</ul>",['no_shipping_class'],491,
488,"طقم مواليد أولاد خيال","طقم مواليد أولادي 6 قطع مميز بتصميم أنيق وهادئ، مزين بتطريز خفيف مستوحى من الخيال لإضفاء لمسة جذابة على مظهر الطفل، مصنوع من خامة قطنية ناعمة ولطيفة على بشرة المولود، يمنحه الراحة طوال اليوم مع تصميم عملي وسهل الإرتداء 
 
مميزات المنتج 
 
  تصميم قوي وأنيق مستوحى من الخيال 
  خامة قطنية ناعمة ومريحة للبشرة الحساسة 
  مناسب لإستقبال المولود وحفلات السبوع 
  سهولة ارتداء وفك القطع بفضل أزرار الكبس العملية 
  خامة عملية تحافظ على شكلها بعد الغسيل 
  هدية أنيقة للمولود الجديد 
 
محتويات الطقم 
 
  سالوبيت مواليد بأزرار كبس 
  كاب مطرز 
  مريلة / بيبيتو 
  قفازات قماش ناعمة 
  حذاء بيبي قماش ناعم 
  بطانية / لفة مواليد مطرزة 
 
المقاسات المتوفرة 
 
  حديثي الولادة (Newborn) 
  من 0 إلى 3 شهور 
  من 3 شهور إلى 6 شهور",http://eg.katkotna.com/wp-content/uploads/sites/3/2026/04/طقم-مواليد-اولاد-خيال.jpg,https://eg.katkotna.com/shop/baby-boy-gift-set-little-knight/,"أطقم مواليد أولاد","Katkotna EG","990EGP","in stock",488,,,,,,new,"published",,,,,,,,,,"https://eg.katkotna.com/fbcollection/","<p style='direction: rtl;' data-start='158' data-end='385'>طقم مواليد أولادي 6 قطع مميز بتصميم أنيق وهادئ، مزين بتطريز خفيف مستوحى من الخيال لإضفاء لمسة جذابة على مظهر الطفل، مصنوع من خامة قطنية ناعمة ولطيفة على بشرة المولود، يمنحه الراحة طوال اليوم مع تصميم عملي وسهل الإرتداء</p>

<h3 style='direction: rtl;' data-section-id='rkhs45' data-start='417' data-end='434'>مميزات المنتج</h3>
<ul data-start='621' data-end='869'>
 	<li style='direction: rtl;' data-section-id='e85igk' data-start='405' data-end='442'>تصميم قوي وأنيق مستوحى من الخيال</li>
 	<li style='direction: rtl;' data-section-id='g3x2u7' data-start='474' data-end='516'>خامة قطنية ناعمة ومريحة للبشرة الحساسة</li>
 	<li style='direction: rtl;'>مناسب لإستقبال المولود وحفلات السبوع</li>
 	<li style='direction: rtl;'>سهولة ارتداء وفك القطع بفضل أزرار الكبس العملية</li>
 	<li style='direction: rtl;'>خامة عملية تحافظ على شكلها بعد الغسيل</li>
 	<li style='direction: rtl;' data-section-id='15hyuq4' data-start='649' data-end='678'>هدية أنيقة للمولود الجديد</li>
</ul>
<h3 style='direction: rtl;' data-section-id='15to1h4' data-start='579' data-end='596'>محتويات الطقم</h3>
<ul data-start='887' data-end='1016'>
 	<li style='direction: rtl;' data-section-id='1qze9it' data-start='887' data-end='916'>سالوبيت مواليد بأزرار كبس</li>
 	<li style='direction: rtl;' data-section-id='pep0t1' data-start='917' data-end='929'>كاب مطرز</li>
 	<li style='direction: rtl;' data-section-id='18syvti' data-start='930' data-end='948'>مريلة / بيبيتو</li>
 	<li style='direction: rtl;' data-section-id='18syvti' data-start='930' data-end='948'>قفازات قماش ناعمة</li>
 	<li style='direction: rtl;' data-section-id='1bwg3ow' data-start='949' data-end='986'>حذاء بيبي قماش ناعم</li>
 	<li style='direction: rtl;' data-section-id='1qvtznp' data-start='987' data-end='1016'>بطانية / لفة مواليد مطرزة</li>
</ul>
<h3 style='direction: rtl;' data-section-id='h9w2bq' data-start='705' data-end='726'>المقاسات المتوفرة</h3>
<ul data-start='1038' data-end='1085'>
 	<li style='direction: rtl;' data-section-id='1dw9m3n' data-start='1038' data-end='1065'>حديثي الولادة (Newborn)</li>
 	<li style='direction: rtl;' data-section-id='1jncg16' data-start='1066' data-end='1085'>من 0 إلى 3 شهور</li>
 	<li style='direction: rtl;' data-section-id='1jncg16' data-start='1066' data-end='1085'>من 3 شهور إلى 6 شهور</li>
</ul>
<p data-start='387' data-end='404'></p>",['no_shipping_class'],488,
486,"طقم مواليد أولاد تاج السلطان","طقم مواليد أولادي 6 قطع أنيق مصمم بلمسة ملكية، مزين بتطريز تاج صغير يضفي فخامة ونعومة على إطلالة الطفل، مصنوع من قماش قطني ناعم ولطيف على بشرة المولود، يمنحه الراحة طوال اليوم مع تصميم يجمع بين الأناقة والعملية في اللبس اليومي 
 
مميزات المنتج 
 
  تصميم راقٍ مستوحى من تاج السلطان 
  خامة قطنية ناعمة ومريحة للبشرة الحساسة 
  مناسب لإستقبال المولود وحفلات السبوع 
  سهولة ارتداء وفك القطع بفضل أزرار الكبس العملية 
  خامة عملية تحافظ على شكلها بعد الغسيل 
  هدية أنيقة للمولود الجديد 
 
محتويات الطقم 
 
  سالوبيت مواليد بأزرار كبس 
  كاب مطرز 
  مريلة / بيبيتو 
  قفازات قماش ناعمة 
  حذاء بيبي قماش ناعم 
  بطانية / لفة مواليد مطرزة 
 
المقاسات المتوفرة 
 
  حديثي الولادة (Newborn) 
  من 0 إلى 3 شهور 
  من 3 شهور إلى 6 شهور",http://eg.katkotna.com/wp-content/uploads/sites/3/2026/04/طقم-مواليد-تاج-السلطان.jpg,https://eg.katkotna.com/shop/baby-boy-gift-set-royal-sultan-crown/,"أطقم مواليد أولاد","Katkotna EG","990EGP","in stock",486,,,,,,new,"published",,,,,,,,,,"https://eg.katkotna.com/fbcollection/","<p style='direction: rtl;'>طقم مواليد أولادي 6 قطع أنيق مصمم بلمسة ملكية، مزين بتطريز تاج صغير يضفي فخامة ونعومة على إطلالة الطفل، مصنوع من قماش قطني ناعم ولطيف على بشرة المولود، يمنحه الراحة طوال اليوم مع تصميم يجمع بين الأناقة والعملية في اللبس اليومي</p>

<h3 style='direction: rtl;' data-section-id='rkhs45' data-start='417' data-end='434'>مميزات المنتج</h3>
<ul data-start='621' data-end='869'>
 	<li style='direction: rtl;' data-section-id='1iydudw' data-start='437' data-end='473'>تصميم راقٍ مستوحى من تاج السلطان</li>
 	<li style='direction: rtl;' data-section-id='g3x2u7' data-start='474' data-end='516'>خامة قطنية ناعمة ومريحة للبشرة الحساسة</li>
 	<li style='direction: rtl;'>مناسب لإستقبال المولود وحفلات السبوع</li>
 	<li style='direction: rtl;'>سهولة ارتداء وفك القطع بفضل أزرار الكبس العملية</li>
 	<li style='direction: rtl;'>خامة عملية تحافظ على شكلها بعد الغسيل</li>
 	<li style='direction: rtl;' data-section-id='15hyuq4' data-start='649' data-end='678'>هدية أنيقة للمولود الجديد</li>
</ul>
<h3 style='direction: rtl;' data-section-id='15to1h4' data-start='579' data-end='596'>محتويات الطقم</h3>
<ul data-start='887' data-end='1016'>
 	<li style='direction: rtl;' data-section-id='1qze9it' data-start='887' data-end='916'>سالوبيت مواليد بأزرار كبس</li>
 	<li style='direction: rtl;' data-section-id='pep0t1' data-start='917' data-end='929'>كاب مطرز</li>
 	<li style='direction: rtl;' data-section-id='18syvti' data-start='930' data-end='948'>مريلة / بيبيتو</li>
 	<li style='direction: rtl;' data-section-id='18syvti' data-start='930' data-end='948'>قفازات قماش ناعمة</li>
 	<li style='direction: rtl;' data-section-id='1bwg3ow' data-start='949' data-end='986'>حذاء بيبي قماش ناعم</li>
 	<li style='direction: rtl;' data-section-id='1qvtznp' data-start='987' data-end='1016'>بطانية / لفة مواليد مطرزة</li>
</ul>
<h3 style='direction: rtl;' data-section-id='h9w2bq' data-start='705' data-end='726'>المقاسات المتوفرة</h3>
<ul data-start='1038' data-end='1085'>
 	<li style='direction: rtl;' data-section-id='1dw9m3n' data-start='1038' data-end='1065'>حديثي الولادة (Newborn)</li>
 	<li style='direction: rtl;' data-section-id='1jncg16' data-start='1066' data-end='1085'>من 0 إلى 3 شهور</li>
 	<li style='direction: rtl;' data-section-id='1jncg16' data-start='1066' data-end='1085'>من 3 شهور إلى 6 شهور</li>
</ul>",['no_shipping_class'],486,
484,"طقم مواليد أولاد غصن ملون","طقم مواليد أولادي 6 قطع بتصميم مرح وأنيق، مزين بتطريز غصن ملون يضفي لمسة طفولية جذابة، القماش القطني الناعم يمنح الطفل راحة كاملة طوال اليوم ويحافظ على نعومة بشرته، مع مظهر مميز مثالي للأيام الأولى وحفلات السبوع 
 
مميزات المنتج 
 
  ألوان زاهية وتصميم مرح يناسب الأولاد 
  خامة قطنية لطيفة على البشرة الحساسة 
  مناسب لإستقبال المولود وحفلات السبوع 
  سهولة ارتداء وفك القطع بفضل أزرار الكبس العملية 
  خامة عملية تحافظ على شكلها بعد الغسيل 
  هدية أنيقة للمولود الجديد 
 
محتويات الطقم 
 
  سالوبيت مواليد بأزرار كبس 
  كاب مطرز 
  مريلة / بيبيتو 
  قفازات قماش ناعمة 
  حذاء بيبي قماش ناعم 
  بطانية / لفة مواليد مطرزة 
 
المقاسات المتوفرة 
 
  حديثي الولادة (Newborn) 
  من 0 إلى 3 شهور 
  من 3 شهور إلى 6 شهور",http://eg.katkotna.com/wp-content/uploads/sites/3/2026/04/طقم-مواليد-اولاد-غصن-ملون.jpg,https://eg.katkotna.com/shop/baby-boy-gift-set-colorful-branch/,"أطقم مواليد أولاد","Katkotna EG","990EGP","in stock",484,,,,,,new,"published",,,,,,,,,,"https://eg.katkotna.com/fbcollection/","<p style='direction: rtl;' data-start='175' data-end='408'>طقم مواليد أولادي 6 قطع بتصميم مرح وأنيق، مزين بتطريز غصن ملون يضفي لمسة طفولية جذابة، القماش القطني الناعم يمنح الطفل راحة كاملة طوال اليوم ويحافظ على نعومة بشرته، مع مظهر مميز مثالي للأيام الأولى وحفلات السبوع</p>

<h3 style='direction: rtl;' data-section-id='rkhs45' data-start='417' data-end='434'>مميزات المنتج</h3>
<ul>
 	<li style='direction: rtl;' data-section-id='q5osvb' data-start='428' data-end='468'>ألوان زاهية وتصميم مرح يناسب الأولاد</li>
 	<li style='direction: rtl;' data-section-id='1tl4ngf' data-start='469' data-end='508'>خامة قطنية لطيفة على البشرة الحساسة</li>
 	<li style='direction: rtl;' data-section-id='145usji' data-start='509' data-end='551'>مناسب لإستقبال المولود وحفلات السبوع</li>
 	<li style='direction: rtl;' data-section-id='14jntra' data-start='552' data-end='601'>سهولة ارتداء وفك القطع بفضل أزرار الكبس العملية</li>
 	<li style='direction: rtl;'>خامة عملية تحافظ على شكلها بعد الغسيل</li>
 	<li style='direction: rtl;' data-section-id='15hyuq4' data-start='648' data-end='677'>هدية أنيقة للمولود الجديد</li>
</ul>
<h3 style='direction: rtl;' data-section-id='15to1h4' data-start='579' data-end='596'>محتويات الطقم</h3>
<ul data-start='887' data-end='1016'>
 	<li style='direction: rtl;' data-section-id='1qze9it' data-start='887' data-end='916'>سالوبيت مواليد بأزرار كبس</li>
 	<li style='direction: rtl;' data-section-id='pep0t1' data-start='917' data-end='929'>كاب مطرز</li>
 	<li style='direction: rtl;' data-section-id='18syvti' data-start='930' data-end='948'>مريلة / بيبيتو</li>
 	<li style='direction: rtl;' data-section-id='18syvti' data-start='930' data-end='948'>قفازات قماش ناعمة</li>
 	<li style='direction: rtl;' data-section-id='1bwg3ow' data-start='949' data-end='986'>حذاء بيبي قماش ناعم</li>
 	<li style='direction: rtl;' data-section-id='1qvtznp' data-start='987' data-end='1016'>بطانية / لفة مواليد مطرزة</li>
</ul>
<h3 style='direction: rtl;' data-section-id='h9w2bq' data-start='705' data-end='726'>المقاسات المتوفرة</h3>
<ul data-start='1038' data-end='1085'>
 	<li style='direction: rtl;' data-section-id='1dw9m3n' data-start='1038' data-end='1065'>حديثي الولادة (Newborn)</li>
 	<li style='direction: rtl;' data-section-id='1jncg16' data-start='1066' data-end='1085'>من 0 إلى 3 شهور</li>
 	<li style='direction: rtl;' data-section-id='1jncg16' data-start='1066' data-end='1085'>من 3 شهور إلى 6 شهور</li>
</ul>
<p data-start='410' data-end='427'></p>",['no_shipping_class'],484,
482,"طقم مواليد أولاد خيل وغصن","طقم مواليد أولادي أنيق 6 قطع مصمم ليجمع بين لمسة القوة والنعومة، مزين بتطريز لغصن مع رمز الخيل الذي يضفي لمسة مميزة على مظهر الطفل، مصنوع من قماش قطني ناعم ولطيف على بشرة المولود، يمنح الراحة طوال اليوم مع مظهر جذاب وأنيق 
 
مميزات المنتج 
 
  تصميم كلاسيكي وأنيق مستوحى من الخيل والغصن 
  خامة قطنية ناعمة تناسب البشرة الحساسة للمولود 
  مناسب للأيام الأولى وحفلات السبوع 
  سهولة اللبس والتغيير بأزرار كبس عملية 
  يحتفظ بجودته ونعومته بعد الغسيل 
  اختيار ممتاز كهدية للمولود الجديد 
 
محتويات الطقم 
 
  سالوبيت مواليد بأزرار كبس 
  كاب مطرز 
  مريلة / بيبيتو 
  قفازات قماش ناعمة 
  حذاء بيبي قماش ناعم 
  بطانية / لفة مواليد مطرزة 
 
المقاسات المتوفرة 
 
  حديثي الولادة (Newborn) 
  من 0 إلى 3 شهور 
  من 3 شهور إلى 6 شهور",http://eg.katkotna.com/wp-content/uploads/sites/3/2026/04/طقم-مواليد-خيال-و-غصن.jpg,https://eg.katkotna.com/shop/baby-boy-gift-set-horse-and-branch/,"أطقم مواليد أولاد","Katkotna EG","990EGP","in stock",482,,,,,,new,"published",,,,,,,,,,"https://eg.katkotna.com/fbcollection/","<p style='text-align: right;' data-start='153' data-end='386'>طقم مواليد أولادي أنيق 6 قطع مصمم ليجمع بين لمسة القوة والنعومة، مزين بتطريز لغصن مع رمز الخيل الذي يضفي لمسة مميزة على مظهر الطفل، مصنوع من قماش قطني ناعم ولطيف على بشرة المولود، يمنح الراحة طوال اليوم مع مظهر جذاب وأنيق</p>

<h3 style='direction: rtl;' data-section-id='rkhs45' data-start='417' data-end='434'>مميزات المنتج</h3>
<ul data-start='621' data-end='869'>
 	<li style='direction: rtl;' data-section-id='to8y56' data-start='406' data-end='452'>تصميم كلاسيكي وأنيق مستوحى من الخيل والغصن</li>
 	<li style='direction: rtl;' data-section-id='5fj7sg' data-start='453' data-end='502'>خامة قطنية ناعمة تناسب البشرة الحساسة للمولود</li>
 	<li style='direction: rtl;' data-section-id='e22m3x' data-start='503' data-end='545'>مناسب للأيام الأولى وحفلات السبوع</li>
 	<li style='direction: rtl;' data-section-id='50xdj4' data-start='546' data-end='593'>سهولة اللبس والتغيير بأزرار كبس عملية</li>
 	<li style='direction: rtl;' data-section-id='1ba9qm7' data-start='594' data-end='629'>يحتفظ بجودته ونعومته بعد الغسيل</li>
 	<li style='direction: rtl;' data-section-id='l674i3' data-start='630' data-end='667'>اختيار ممتاز كهدية للمولود الجديد</li>
</ul>
<h3 style='direction: rtl;' data-section-id='15to1h4' data-start='579' data-end='596'>محتويات الطقم</h3>
<ul data-start='887' data-end='1016'>
 	<li style='direction: rtl;' data-section-id='1qze9it' data-start='887' data-end='916'>سالوبيت مواليد بأزرار كبس</li>
 	<li style='direction: rtl;' data-section-id='pep0t1' data-start='917' data-end='929'>كاب مطرز</li>
 	<li style='direction: rtl;' data-section-id='18syvti' data-start='930' data-end='948'>مريلة / بيبيتو</li>
 	<li style='direction: rtl;' data-section-id='18syvti' data-start='930' data-end='948'>قفازات قماش ناعمة</li>
 	<li style='direction: rtl;' data-section-id='1bwg3ow' data-start='949' data-end='986'>حذاء بيبي قماش ناعم</li>
 	<li style='direction: rtl;' data-section-id='1qvtznp' data-start='987' data-end='1016'>بطانية / لفة مواليد مطرزة</li>
</ul>
<h3 style='direction: rtl;' data-section-id='h9w2bq' data-start='705' data-end='726'>المقاسات المتوفرة</h3>
<ul data-start='1038' data-end='1085'>
 	<li style='direction: rtl;' data-section-id='1dw9m3n' data-start='1038' data-end='1065'>حديثي الولادة (Newborn)</li>
 	<li style='direction: rtl;' data-section-id='1jncg16' data-start='1066' data-end='1085'>من 0 إلى 3 شهور</li>
 	<li style='direction: rtl;' data-section-id='1jncg16' data-start='1066' data-end='1085'>من 3 شهور إلى 6 شهور</li>
</ul>",['no_shipping_class'],482,
480,"طقم مواليد أولاد ملاك","طقم مواليد أولادي 6 قطع بتصميم ناعم وراقي مستوحى من لمسة الملاك اللطيفة، مزين بتطريز رقيق يضفي مظهر مميز على إطلالة الطفل، مصنوع من قماش قطني ناعم على البشرة، ليمنح الطفل الراحة طوال اليوم مع لمسة أناقة في أول أيامه 
 
مميزات المنتج 
 
  تصميم هادئ وأنيق يناسب الأولاد 
  خامة قطنية ناعمة ومريحة للبشرة الحساسة 
  مناسب لأيام المولود الأولى والمناسبات العائلية 
  سهولة اللبس والتغيير بأزرار كبس عملية 
  يحافظ على نعومته وشكله بعد الغسيل 
  خيار ممتاز كهدية للمولود الجديد 
 
محتويات الطقم 
 
  سالوبيت مواليد بأزرار كبس 
  كاب مطرز 
  مريلة / بيبيتو 
  قفازات قماش ناعمة 
  حذاء بيبي قماش ناعم 
  بطانية / لفة مواليد مطرزة 
 
المقاسات المتوفرة 
 
  حديثي الولادة (Newborn) 
  من 0 إلى 3 شهور 
  من 3 شهور إلى 6 شهور",http://eg.katkotna.com/wp-content/uploads/sites/3/2026/04/طقم-مواليد-اولاد-ملاك.jpg,https://eg.katkotna.com/shop/baby-boy-newborn-set-little-angel/,"أطقم مواليد أولاد","Katkotna EG","990EGP","in stock",480,,,,,,new,"published",,,,,,,,,,"https://eg.katkotna.com/fbcollection/","<p style='direction: rtl;' data-start='160' data-end='388'>طقم مواليد أولادي 6 قطع بتصميم ناعم وراقي مستوحى من لمسة الملاك اللطيفة، مزين بتطريز رقيق يضفي مظهر مميز على إطلالة الطفل، مصنوع من قماش قطني ناعم على البشرة، ليمنح الطفل الراحة طوال اليوم مع لمسة أناقة في أول أيامه</p>

<h3 style='direction: rtl;' data-section-id='rkhs45' data-start='417' data-end='434'>مميزات المنتج</h3>
<ul data-start='621' data-end='869'>
 	<li style='direction: rtl;' data-section-id='1ujujxh' data-start='408' data-end='442'>تصميم هادئ وأنيق يناسب الأولاد</li>
 	<li style='direction: rtl;' data-section-id='g3x2u7' data-start='443' data-end='485'>خامة قطنية ناعمة ومريحة للبشرة الحساسة</li>
 	<li style='direction: rtl;' data-section-id='1i94ng5' data-start='486' data-end='536'>مناسب لأيام المولود الأولى والمناسبات العائلية</li>
 	<li style='direction: rtl;' data-section-id='50xdj4' data-start='537' data-end='584'>سهولة اللبس والتغيير بأزرار كبس عملية</li>
 	<li style='direction: rtl;' data-section-id='147qqzg' data-start='585' data-end='622'>يحافظ على نعومته وشكله بعد الغسيل</li>
 	<li style='direction: rtl;' data-section-id='di1dy' data-start='623' data-end='658'>خيار ممتاز كهدية للمولود الجديد</li>
</ul>
<h3 style='direction: rtl;' data-section-id='15to1h4' data-start='579' data-end='596'>محتويات الطقم</h3>
<ul data-start='887' data-end='1016'>
 	<li style='direction: rtl;' data-section-id='1qze9it' data-start='887' data-end='916'>سالوبيت مواليد بأزرار كبس</li>
 	<li style='direction: rtl;' data-section-id='pep0t1' data-start='917' data-end='929'>كاب مطرز</li>
 	<li style='direction: rtl;' data-section-id='18syvti' data-start='930' data-end='948'>مريلة / بيبيتو</li>
 	<li style='direction: rtl;' data-section-id='18syvti' data-start='930' data-end='948'>قفازات قماش ناعمة</li>
 	<li style='direction: rtl;' data-section-id='1bwg3ow' data-start='949' data-end='986'>حذاء بيبي قماش ناعم</li>
 	<li style='direction: rtl;' data-section-id='1qvtznp' data-start='987' data-end='1016'>بطانية / لفة مواليد مطرزة</li>
</ul>
<h3 style='direction: rtl;' data-section-id='h9w2bq' data-start='705' data-end='726'>المقاسات المتوفرة</h3>
<ul data-start='1038' data-end='1085'>
 	<li style='direction: rtl;' data-section-id='1dw9m3n' data-start='1038' data-end='1065'>حديثي الولادة (Newborn)</li>
 	<li style='direction: rtl;' data-section-id='1jncg16' data-start='1066' data-end='1085'>من 0 إلى 3 شهور</li>
 	<li style='direction: rtl;' data-section-id='1jncg16' data-start='1066' data-end='1085'>من 3 شهور إلى 6 شهور</li>
</ul>
<p data-start='390' data-end='407'></p>",['no_shipping_class'],480,
478,"طقم مواليد أولاد تاج وغصن","طقم مواليد أولادي 6 قطع بتصميم أنيق مستوحى من اللمسة الملكية، مزين بتطريز تاج مع غصن ناعم يضيف شكل راقي وهادئ لإطلالة البيبي، مصنوع من خامة قطنية لطيفة على بشرة المواليد لتمنح الطفل راحة طوال اليوم مع مظهر مميز في أول أيامه 
 
مميزات المنتج 
 
  تصميم أولادي أنيق بتطريز تاج وغصن 
  خامة قطنية ناعمة ومريحة للبشرة الحساسة 
  مناسب لأول أيام المولود والزيارات العائلية 
  سهل اللبس والتغيير بأزرار كبس عملية 
  يحافظ على شكله ونعومته بعد الغسيل 
  هدية جميلة للمولود الجديد 
 
محتويات الطقم 
 
  سالوبيت مواليد بأزرار كبس 
  كاب مطرز 
  مريلة / بيبيتو 
  قفازات قماش ناعمة 
  حذاء بيبي قماش ناعم 
  بطانية / لفة مواليد مطرزة 
 
المقاسات المتوفرة 
 
  حديثي الولادة (Newborn) 
  من 0 إلى 3 شهور 
  من 3 شهور إلى 6 شهور",http://eg.katkotna.com/wp-content/uploads/sites/3/2026/04/طقم-مواليد-اولاد-تاج-و-غصن.jpg,https://eg.katkotna.com/shop/baby-boy-newborn-set-royal-crown-branch/,"أطقم مواليد أولاد","Katkotna EG","990EGP","in stock",478,,,,,,new,"published",,,,,,,,,,"https://eg.katkotna.com/fbcollection/","<p style='direction: rtl;'>طقم مواليد أولادي 6 قطع بتصميم أنيق مستوحى من اللمسة الملكية، مزين بتطريز تاج مع غصن ناعم يضيف شكل راقي وهادئ لإطلالة البيبي، مصنوع من خامة قطنية لطيفة على بشرة المواليد لتمنح الطفل راحة طوال اليوم مع مظهر مميز في أول أيامه</p>

<h3 style='direction: rtl;' data-section-id='rkhs45' data-start='417' data-end='434'>مميزات المنتج</h3>
<ul data-start='621' data-end='869'>
 	<li style='direction: rtl;' data-section-id='uwmvs1' data-start='440' data-end='477'>تصميم أولادي أنيق بتطريز تاج وغصن</li>
 	<li style='direction: rtl;' data-section-id='g3x2u7' data-start='478' data-end='520'>خامة قطنية ناعمة ومريحة للبشرة الحساسة</li>
 	<li style='direction: rtl;' data-section-id='b4jv7y' data-start='521' data-end='567'>مناسب لأول أيام المولود والزيارات العائلية</li>
 	<li style='direction: rtl;' data-section-id='1rg5oc2' data-start='568' data-end='609'>سهل اللبس والتغيير بأزرار كبس عملية</li>
 	<li style='direction: rtl;' data-section-id='141682k' data-start='610' data-end='647'>يحافظ على شكله ونعومته بعد الغسيل</li>
 	<li style='direction: rtl;' data-section-id='tscina' data-start='648' data-end='677'>هدية جميلة للمولود الجديد</li>
</ul>
<h3 style='direction: rtl;' data-section-id='15to1h4' data-start='579' data-end='596'>محتويات الطقم</h3>
<ul data-start='887' data-end='1016'>
 	<li style='direction: rtl;' data-section-id='1qze9it' data-start='887' data-end='916'>سالوبيت مواليد بأزرار كبس</li>
 	<li style='direction: rtl;' data-section-id='pep0t1' data-start='917' data-end='929'>كاب مطرز</li>
 	<li style='direction: rtl;' data-section-id='18syvti' data-start='930' data-end='948'>مريلة / بيبيتو</li>
 	<li style='direction: rtl;' data-section-id='18syvti' data-start='930' data-end='948'>قفازات قماش ناعمة</li>
 	<li style='direction: rtl;' data-section-id='1bwg3ow' data-start='949' data-end='986'>حذاء بيبي قماش ناعم</li>
 	<li style='direction: rtl;' data-section-id='1qvtznp' data-start='987' data-end='1016'>بطانية / لفة مواليد مطرزة</li>
</ul>
<h3 style='direction: rtl;' data-section-id='h9w2bq' data-start='705' data-end='726'>المقاسات المتوفرة</h3>
<ul data-start='1038' data-end='1085'>
 	<li style='direction: rtl;' data-section-id='1dw9m3n' data-start='1038' data-end='1065'>حديثي الولادة (Newborn)</li>
 	<li style='direction: rtl;' data-section-id='1jncg16' data-start='1066' data-end='1085'>من 0 إلى 3 شهور</li>
 	<li style='direction: rtl;' data-section-id='1jncg16' data-start='1066' data-end='1085'>من 3 شهور إلى 6 شهور</li>
</ul>",['no_shipping_class'],478,
476,"طقم مواليد أولاد تاج العزة","طقم مواليد أولادي 6 قطع بتصميم أنيق مزين بتطريز تاج ملكي يضيف لمسة راقية وهادئة لإطلالة البيبي، مصنوع من خامة قطنية ناعمة ومريحة على بشرة المواليد الحساسة، ليجمع بين الراحة والشكل المميز في أول أيام الطفل 
 
مميزات المنتج 
 
  تصميم أولادي شيك بتطريز تاج ملكي 
  خامة قطنية ناعمة ومريحة للبشرة الحساسة 
  مناسب لأول أيام المولود والزيارات العائلية 
  سهل اللبس والتغيير بأزرار كبس عملية 
  يحافظ على شكله ونعومته بعد الغسيل 
  اختيار جميل كهدية للمولود الجديد 
 
محتويات الطقم 
 
  سالوبيت مواليد بأزرار كبس 
  كاب مطرز 
  مريلة / بيبيتو 
  قفازات قماش ناعمة 
  حذاء بيبي قماش ناعم 
  بطانية / لفة مواليد مطرزة 
 
المقاسات المتوفرة 
 
  حديثي الولادة (Newborn) 
  من 0 إلى 3 شهور 
  من 3 شهور إلى 6 شهور",http://eg.katkotna.com/wp-content/uploads/sites/3/2026/04/طقم-مواليد-اولاد-تاج-العزة.jpg,https://eg.katkotna.com/shop/baby-boy-newborn-set-royal-pride-crown/,"أطقم مواليد أولاد","Katkotna EG","990EGP","in stock",476,,,,,,new,"published",,,,,,,,,,"https://eg.katkotna.com/fbcollection/","<p style='direction: rtl;' data-start='176' data-end='391'>طقم مواليد أولادي 6 قطع بتصميم أنيق مزين بتطريز تاج ملكي يضيف لمسة راقية وهادئة لإطلالة البيبي، مصنوع من خامة قطنية ناعمة ومريحة على بشرة المواليد الحساسة، ليجمع بين الراحة والشكل المميز في أول أيام الطفل</p>

<h3 style='direction: rtl;' data-section-id='rkhs45' data-start='417' data-end='434'>مميزات المنتج</h3>
<ul data-start='621' data-end='869'>
 	<li style='direction: rtl;' data-section-id='1o5qxiw' data-start='411' data-end='447'>تصميم أولادي شيك بتطريز تاج ملكي</li>
 	<li style='direction: rtl;' data-section-id='g3x2u7' data-start='448' data-end='490'>خامة قطنية ناعمة ومريحة للبشرة الحساسة</li>
 	<li style='direction: rtl;' data-section-id='b4jv7y' data-start='491' data-end='537'>مناسب لأول أيام المولود والزيارات العائلية</li>
 	<li style='direction: rtl;' data-section-id='1rg5oc2' data-start='538' data-end='579'>سهل اللبس والتغيير بأزرار كبس عملية</li>
 	<li style='direction: rtl;' data-section-id='141682k' data-start='580' data-end='617'>يحافظ على شكله ونعومته بعد الغسيل</li>
 	<li style='direction: rtl;' data-section-id='rkxjqr' data-start='618' data-end='654'>اختيار جميل كهدية للمولود الجديد</li>
</ul>
<h3 style='direction: rtl;' data-section-id='15to1h4' data-start='579' data-end='596'>محتويات الطقم</h3>
<ul data-start='887' data-end='1016'>
 	<li style='direction: rtl;' data-section-id='1qze9it' data-start='887' data-end='916'>سالوبيت مواليد بأزرار كبس</li>
 	<li style='direction: rtl;' data-section-id='pep0t1' data-start='917' data-end='929'>كاب مطرز</li>
 	<li style='direction: rtl;' data-section-id='18syvti' data-start='930' data-end='948'>مريلة / بيبيتو</li>
 	<li style='direction: rtl;' data-section-id='18syvti' data-start='930' data-end='948'>قفازات قماش ناعمة</li>
 	<li style='direction: rtl;' data-section-id='1bwg3ow' data-start='949' data-end='986'>حذاء بيبي قماش ناعم</li>
 	<li style='direction: rtl;' data-section-id='1qvtznp' data-start='987' data-end='1016'>بطانية / لفة مواليد مطرزة</li>
</ul>
<h3 style='direction: rtl;' data-section-id='h9w2bq' data-start='705' data-end='726'>المقاسات المتوفرة</h3>
<ul data-start='1038' data-end='1085'>
 	<li style='direction: rtl;' data-section-id='1dw9m3n' data-start='1038' data-end='1065'>حديثي الولادة (Newborn)</li>
 	<li style='direction: rtl;' data-section-id='1jncg16' data-start='1066' data-end='1085'>من 0 إلى 3 شهور</li>
 	<li style='direction: rtl;' data-section-id='1jncg16' data-start='1066' data-end='1085'>من 3 شهور إلى 6 شهور</li>
</ul>
<p data-start='393' data-end='410'></p>",['no_shipping_class'],476,
471,"طقم مواليد بنات تاج وإكليل","طقم مواليد بنات فاخر 6 قطع بتصميم ملكي ناعم، مزين بتطريز تاج مع إكليل غصن باللون الوردي ليمنح طفلتك إطلالة راقية من أول يوم، مصنوع من خامة قطنية ناعمة ومريحة على بشرة المواليد، ليجمع بين الأناقة والراحة في الإستقبال والخروجات الأولى 
 
مميزات المنتج 
 
  تصميم بناتي فاخر بتطريز تاج وإكليل 
  خامة قطنية ناعمة مناسبة للبشرة الحساسة 
  مثالي للاستقبال والسيشنات الأولى 
  سهل اللبس بأزرار كبس عملية 
  يحتفظ بنعومته وشكله بعد الغسيل 
  هدية أنيقة للمولودة الجديدة 
 
محتويات الطقم 
 
  سالوبيت مواليد بأزرار كبس 
  كاب مطرز 
  مريلة / بيبيتو 
  قفازات قماش ناعمة 
  حذاء بيبي قماش ناعم 
  بطانية / لفة مواليد مطرزة 
 
المقاسات المتوفرة 
 
  حديثي الولادة (Newborn) 
  من 0 إلى 3 شهور 
  من 3 شهور إلى 6 شهور",http://eg.katkotna.com/wp-content/uploads/sites/3/2026/04/white-grils-clothing-set-with-crown-and-tree.png,https://eg.katkotna.com/shop/baby-girl-newborn-set-royal-crown-wreath/,"أطقم مواليد بنات","Katkotna EG","990EGP","in stock",471,,"http://eg.katkotna.com/wp-content/uploads/sites/3/2026/04/pink-grils-clothing-set-with-crown-and-tree.png",,,,new,"published",,,,,,,,,,"https://eg.katkotna.com/fbcollection/","<p style='direction: rtl;' data-start='300' data-end='531'>طقم مواليد بنات فاخر 6 قطع بتصميم ملكي ناعم، مزين بتطريز تاج مع إكليل غصن باللون الوردي ليمنح طفلتك إطلالة راقية من أول يوم، مصنوع من خامة قطنية ناعمة ومريحة على بشرة المواليد، ليجمع بين الأناقة والراحة في الإستقبال والخروجات الأولى</p>

<h3 style='direction: rtl;' data-section-id='rkhs45' data-start='417' data-end='434'>مميزات المنتج</h3>
<ul data-start='621' data-end='869'>
 	<li style='direction: rtl;' data-section-id='2g2gmr' data-start='557' data-end='600'>تصميم بناتي فاخر بتطريز تاج وإكليل</li>
 	<li style='direction: rtl;' data-section-id='ywi0j9' data-start='601' data-end='644'>خامة قطنية ناعمة مناسبة للبشرة الحساسة</li>
 	<li style='direction: rtl;' data-section-id='1lw0cda' data-start='645' data-end='682'>مثالي للاستقبال والسيشنات الأولى</li>
 	<li style='direction: rtl;' data-section-id='1i945z9' data-start='683' data-end='720'>سهل اللبس بأزرار كبس عملية</li>
 	<li style='direction: rtl;' data-section-id='1dbh0j' data-start='721' data-end='756'>يحتفظ بنعومته وشكله بعد الغسيل</li>
 	<li style='direction: rtl;' data-section-id='1h69sea' data-start='757' data-end='789'>هدية أنيقة للمولودة الجديدة</li>
</ul>
<h3 style='direction: rtl;' data-section-id='15to1h4' data-start='579' data-end='596'>محتويات الطقم</h3>
<ul data-start='887' data-end='1016'>
 	<li style='direction: rtl;' data-section-id='1qze9it' data-start='887' data-end='916'>سالوبيت مواليد بأزرار كبس</li>
 	<li style='direction: rtl;' data-section-id='pep0t1' data-start='917' data-end='929'>كاب مطرز</li>
 	<li style='direction: rtl;' data-section-id='18syvti' data-start='930' data-end='948'>مريلة / بيبيتو</li>
 	<li style='direction: rtl;' data-section-id='18syvti' data-start='930' data-end='948'>قفازات قماش ناعمة</li>
 	<li style='direction: rtl;' data-section-id='1bwg3ow' data-start='949' data-end='986'>حذاء بيبي قماش ناعم</li>
 	<li style='direction: rtl;' data-section-id='1qvtznp' data-start='987' data-end='1016'>بطانية / لفة مواليد مطرزة</li>
</ul>
<h3 style='direction: rtl;' data-section-id='h9w2bq' data-start='705' data-end='726'>المقاسات المتوفرة</h3>
<ul data-start='1038' data-end='1085'>
 	<li style='direction: rtl;' data-section-id='1dw9m3n' data-start='1038' data-end='1065'>حديثي الولادة (Newborn)</li>
 	<li style='direction: rtl;' data-section-id='1jncg16' data-start='1066' data-end='1085'>من 0 إلى 3 شهور</li>
 	<li style='direction: rtl;' data-section-id='1jncg16' data-start='1066' data-end='1085'>من 3 شهور إلى 6 شهور</li>
</ul>",['no_shipping_class'],471,
462,"طقم مواليد بنات عصفورة","طقم مواليد بنات 6 قطع بتفاصيل ناعمة مستوحاة من جمال الطبيعة، مزين برسمة عصفورة رقيقة تضيف إحساس بالهدوء والبراءة لإطلالة طفلتك. خامته القطنية المريحة مناسبة لبشرة المواليد، ليكون اختيار جميل لحفلة السبوع وأول خروجات البيبي 
 
مميزات المنتج 
 
  تصميم بناتي هادئ برسمة عصفورة مميزة 
  قماش لطيف ومريح على بشرة المولودة 
  مناسب للإستقبال والتصوير والزيارات الأولى 
  سهل في اللبس والتغيير اليومي 
  خامة عملية تحافظ على نعومتها بعد الغسيل 
  هدية جميلة للمولودة الجديدة 
 
محتويات الطقم 
 
  سالوبيت مواليد بأزرار كبس 
  كاب مطرز 
  مريلة / بيبيتو 
  قفازات قماش ناعمة 
  حذاء بيبي قماش ناعم 
  بطانية / لفة مواليد مطرزة 
 
المقاسات المتوفرة 
 
  حديثي الولادة (Newborn) 
  من 0 إلى 3 شهور 
  من 3 شهور إلى 6 شهور",http://eg.katkotna.com/wp-content/uploads/sites/3/2026/04/طقم-مواليد-بنات-عصفورة.jpg,https://eg.katkotna.com/shop/baby-girl-newborn-set-birdie/,"أطقم مواليد بنات","Katkotna EG","990EGP","in stock",462,,,,,,new,"published",,,,,,,,,,"https://eg.katkotna.com/fbcollection/","<p style='direction: rtl;' data-start='267' data-end='485'>طقم مواليد بنات 6 قطع بتفاصيل ناعمة مستوحاة من جمال الطبيعة، مزين برسمة عصفورة رقيقة تضيف إحساس بالهدوء والبراءة لإطلالة طفلتك. خامته القطنية المريحة مناسبة لبشرة المواليد، ليكون اختيار جميل لحفلة السبوع وأول خروجات البيبي</p>

<h3 style='direction: rtl;' data-section-id='rkhs45' data-start='417' data-end='434'>مميزات المنتج</h3>
<ul data-start='621' data-end='869'>
 	<li style='direction: rtl;' data-section-id='1kmb8hh' data-start='511' data-end='551'>تصميم بناتي هادئ برسمة عصفورة مميزة</li>
 	<li style='direction: rtl;' data-section-id='tnrov9' data-start='552' data-end='590'>قماش لطيف ومريح على بشرة المولودة</li>
 	<li style='direction: rtl;' data-section-id='1olg6dg' data-start='591' data-end='637'>مناسب للإستقبال والتصوير والزيارات الأولى</li>
 	<li style='direction: rtl;' data-section-id='1v27g79' data-start='638' data-end='671'>سهل في اللبس والتغيير اليومي</li>
 	<li style='direction: rtl;' data-section-id='121hvkn' data-start='672' data-end='716'>خامة عملية تحافظ على نعومتها بعد الغسيل</li>
 	<li style='direction: rtl;' data-section-id='qcy7zc' data-start='717' data-end='749'>هدية جميلة للمولودة الجديدة</li>
</ul>
<h3 style='direction: rtl;' data-section-id='15to1h4' data-start='579' data-end='596'>محتويات الطقم</h3>
<ul data-start='887' data-end='1016'>
 	<li style='direction: rtl;' data-section-id='1qze9it' data-start='887' data-end='916'>سالوبيت مواليد بأزرار كبس</li>
 	<li style='direction: rtl;' data-section-id='pep0t1' data-start='917' data-end='929'>كاب مطرز</li>
 	<li style='direction: rtl;' data-section-id='18syvti' data-start='930' data-end='948'>مريلة / بيبيتو</li>
 	<li style='direction: rtl;' data-section-id='18syvti' data-start='930' data-end='948'>قفازات قماش ناعمة</li>
 	<li style='direction: rtl;' data-section-id='1bwg3ow' data-start='949' data-end='986'>حذاء بيبي قماش ناعم</li>
 	<li style='direction: rtl;' data-section-id='1qvtznp' data-start='987' data-end='1016'>بطانية / لفة مواليد مطرزة</li>
</ul>
<h3 style='direction: rtl;' data-section-id='h9w2bq' data-start='705' data-end='726'>المقاسات المتوفرة</h3>
<ul data-start='1038' data-end='1085'>
 	<li style='direction: rtl;' data-section-id='1dw9m3n' data-start='1038' data-end='1065'>حديثي الولادة (Newborn)</li>
 	<li style='direction: rtl;' data-section-id='1jncg16' data-start='1066' data-end='1085'>من 0 إلى 3 شهور</li>
 	<li style='direction: rtl;' data-section-id='1jncg16' data-start='1066' data-end='1085'>من 3 شهور إلى 6 شهور</li>
</ul>",['no_shipping_class'],462,
460,"طقم مواليد بنات طائر وورد","طقم مواليد بنات 6 قطع بتصميم رقيق مستوحى من الطبيعة، مزين برسمة طائر مع ورد تضيف لمسة ناعمة وهادئة لإطلالة طفلتك، مصنوع من خامة قطنية لطيفة على بشرة المواليد، ليجمع بين الراحة والشكل الأنيق في أول أيام المولودة 
 
مميزات المنتج 
 
  تصميم بناتي راقي برسمة طائر وورد 
  قماش مريح وناعم مناسب للبشرة الحساسة 
  مناسب للإستقبال والخروجات الأولى 
  سهل اللبس والتغيير السريع 
  خامة عملية تحافظ على شكلها بعد الغسيل 
  اختيار مميز كهدية للمولودة الجديدة 
 
محتويات الطقم 
 
  سالوبيت مواليد بأزرار كبس 
  كاب مطرز 
  مريلة / بيبيتو 
  قفازات قماش ناعمة 
  حذاء بيبي قماش ناعم 
  بطانية / لفة مواليد مطرزة 
 
المقاسات المتوفرة 
 
  حديثي الولادة (Newborn) 
  من 0 إلى 3 شهور 
  من 3 شهور إلى 6 شهور",http://eg.katkotna.com/wp-content/uploads/sites/3/2026/04/طقم-مواليد-بنات-طائر-و-ورد-scaled.jpg,https://eg.katkotna.com/shop/baby-girl-newborn-set-little-bird-rose/,"أطقم مواليد بنات","Katkotna EG","990EGP","in stock",460,,,,,,new,"published",,,,,,,,,,"https://eg.katkotna.com/fbcollection/","<p style='direction: rtl;'>طقم مواليد بنات 6 قطع بتصميم رقيق مستوحى من الطبيعة، مزين برسمة طائر مع ورد تضيف لمسة ناعمة وهادئة لإطلالة طفلتك، مصنوع من خامة قطنية لطيفة على بشرة المواليد، ليجمع بين الراحة والشكل الأنيق في أول أيام المولودة</p>

<h3 style='direction: rtl;' data-section-id='rkhs45' data-start='417' data-end='434'>مميزات المنتج</h3>
<ul data-start='621' data-end='869'>
 	<li style='direction: rtl;' data-section-id='136dye3' data-start='561' data-end='598'>تصميم بناتي راقي برسمة طائر وورد</li>
 	<li style='direction: rtl;' data-section-id='cnclwv' data-start='599' data-end='640'>قماش مريح وناعم مناسب للبشرة الحساسة</li>
 	<li style='direction: rtl;' data-section-id='ycg9mm' data-start='641' data-end='677'>مناسب للإستقبال والخروجات الأولى</li>
 	<li style='direction: rtl;' data-section-id='f91r0y' data-start='678' data-end='708'>سهل اللبس والتغيير السريع</li>
 	<li style='direction: rtl;' data-section-id='1094d5o' data-start='709' data-end='751'>خامة عملية تحافظ على شكلها بعد الغسيل</li>
 	<li style='direction: rtl;' data-section-id='unnqqq' data-start='752' data-end='791'>اختيار مميز كهدية للمولودة الجديدة</li>
</ul>
<h3 style='direction: rtl;' data-section-id='15to1h4' data-start='579' data-end='596'>محتويات الطقم</h3>
<ul data-start='887' data-end='1016'>
 	<li style='direction: rtl;' data-section-id='1qze9it' data-start='887' data-end='916'>سالوبيت مواليد بأزرار كبس</li>
 	<li style='direction: rtl;' data-section-id='pep0t1' data-start='917' data-end='929'>كاب مطرز</li>
 	<li style='direction: rtl;' data-section-id='18syvti' data-start='930' data-end='948'>مريلة / بيبيتو</li>
 	<li style='direction: rtl;' data-section-id='18syvti' data-start='930' data-end='948'>قفازات قماش ناعمة</li>
 	<li style='direction: rtl;' data-section-id='1bwg3ow' data-start='949' data-end='986'>حذاء بيبي قماش ناعم</li>
 	<li style='direction: rtl;' data-section-id='1qvtznp' data-start='987' data-end='1016'>بطانية / لفة مواليد مطرزة</li>
</ul>
<h3 style='direction: rtl;' data-section-id='h9w2bq' data-start='705' data-end='726'>المقاسات المتوفرة</h3>
<ul data-start='1038' data-end='1085'>
 	<li style='direction: rtl;' data-section-id='1dw9m3n' data-start='1038' data-end='1065'>حديثي الولادة (Newborn)</li>
 	<li style='direction: rtl;' data-section-id='1jncg16' data-start='1066' data-end='1085'>من 0 إلى 3 شهور</li>
 	<li style='direction: rtl;' data-section-id='1jncg16' data-start='1066' data-end='1085'>من 3 شهور إلى 6 شهور</li>
</ul>",['no_shipping_class'],460,
456,"طقم مواليد بنات إكليل","طقم مواليد بنات 6 قطع رقيق بتصميم إكليل ورد أنيق يضيف لمسة ناعمة ومميزة لطفلتك من أول يوم، مصنوع من خامة قطنية مريحة وناعمة على بشرة المواليد الحساسة، مناسب للإستقبال والخروجات والزيارات الأولى 
 
مميزات المنتج 
 
  تصميم بناتي أنيق برسمة إكليل ورد 
  خامة ناعمة ومريحة للبشرة الحساسة 
  مناسب للإستقبال والزيارات الأولى 
  سهل اللبس والخلع بـأزرار كبس عملية 
  يتحمل الغسيل المتكرر ويحافظ على شكله 
  هدية رائعة للمولودة الجديدة 
 
محتويات الطقم 
 
  سالوبيت مواليد بأزرار كبس 
  كاب مطرز 
  مريلة / بيبيتو 
  قفازات قماش ناعمة 
  حذاء بيبي قماش ناعم 
  بطانية / لفة مواليد مطرزة 
 
المقاسات المتوفرة 
 
  حديثي الولادة (Newborn) 
  من 0 إلى 3 شهور 
  من 3 شهور إلى 6 شهور",http://eg.katkotna.com/wp-content/uploads/sites/3/2026/04/طقم-مواليد-بنات-إكليل-ورد.jpg,https://eg.katkotna.com/shop/baby-girl-newborn-set-floral-wreath/,"أطقم مواليد بنات","Katkotna EG","990EGP","in stock",456,,,,,,new,"published",,,,,,,,,,"https://eg.katkotna.com/fbcollection/","<p style='direction: rtl;'>طقم مواليد بنات 6 قطع رقيق بتصميم إكليل ورد أنيق يضيف لمسة ناعمة ومميزة لطفلتك من أول يوم، مصنوع من خامة قطنية مريحة وناعمة على بشرة المواليد الحساسة، مناسب للإستقبال والخروجات والزيارات الأولى</p>

<h3 style='direction: rtl;' data-section-id='rkhs45' data-start='417' data-end='434'>مميزات المنتج</h3>
<ul data-start='621' data-end='869'>
 	<li style='direction: rtl;' data-section-id='dn317v' data-start='481' data-end='518'>تصميم بناتي أنيق برسمة إكليل ورد</li>
 	<li style='direction: rtl;' data-section-id='1aocdtt' data-start='519' data-end='556'>خامة ناعمة ومريحة للبشرة الحساسة</li>
 	<li style='direction: rtl;' data-section-id='551gxv' data-start='557' data-end='594'>مناسب للإستقبال والزيارات الأولى</li>
 	<li style='direction: rtl;' data-section-id='1qip0qc' data-start='595' data-end='621'>سهل اللبس والخلع بـأزرار كبس عملية</li>
 	<li style='direction: rtl;' data-section-id='smuj74' data-start='622' data-end='663'>يتحمل الغسيل المتكرر ويحافظ على شكله</li>
 	<li style='direction: rtl;' data-section-id='170pfja' data-start='664' data-end='696'>هدية رائعة للمولودة الجديدة</li>
</ul>
<h3 style='direction: rtl;' data-section-id='15to1h4' data-start='579' data-end='596'>محتويات الطقم</h3>
<ul data-start='887' data-end='1016'>
 	<li style='direction: rtl;' data-section-id='1qze9it' data-start='887' data-end='916'>سالوبيت مواليد بأزرار كبس</li>
 	<li style='direction: rtl;' data-section-id='pep0t1' data-start='917' data-end='929'>كاب مطرز</li>
 	<li style='direction: rtl;' data-section-id='18syvti' data-start='930' data-end='948'>مريلة / بيبيتو</li>
 	<li style='direction: rtl;' data-section-id='18syvti' data-start='930' data-end='948'>قفازات قماش ناعمة</li>
 	<li style='direction: rtl;' data-section-id='1bwg3ow' data-start='949' data-end='986'>حذاء بيبي قماش ناعم</li>
 	<li style='direction: rtl;' data-section-id='1qvtznp' data-start='987' data-end='1016'>بطانية / لفة مواليد مطرزة</li>
</ul>
<h3 style='direction: rtl;' data-section-id='h9w2bq' data-start='705' data-end='726'>المقاسات المتوفرة</h3>
<ul data-start='1038' data-end='1085'>
 	<li style='direction: rtl;' data-section-id='1dw9m3n' data-start='1038' data-end='1065'>حديثي الولادة (Newborn)</li>
 	<li style='direction: rtl;' data-section-id='1jncg16' data-start='1066' data-end='1085'>من 0 إلى 3 شهور</li>
 	<li style='direction: rtl;' data-section-id='1jncg16' data-start='1066' data-end='1085'>من 3 شهور إلى 6 شهور</li>
</ul>",['no_shipping_class'],456,
453,"طقم مواليد أولاد تاج وغصن ومرحبا","طقم مواليد أولاد 6 قطع فاخر بتصميم مميز يجمع بين التاج والغصن وعبارة مرحبًا ليمنح طفلك إطلالة ملكية أنيقة من أول يوم، مصنوع من خامة قطنية ناعمة ومريحة على بشرة المواليد الحساسة، ومثالي للإستقبال، جلسات التصوير، والخروجات الأولى 
 
مميزات المنتج 
 
  تصميم أولادي أنيق بتطريز تاج وغصن وعبارة مرحبًا 
  خامة ناعمة ومريحة للبشرة الحساسة 
  مناسب للإستقبال ومثالي كهدية سبوع 
  سهل اللبس والخلع بأزرار كبس عملية 
  يتحمل الغسيل المتكرر ويحافظ على شكله 
  مناسب كهدية راقية للمولود الجديد 
 
محتويات الطقم 
 
  سالوبيت مواليد بأزرار كبس 
  كاب مطرز 
  مريلة / بيبيتو 
  قفازات قماش ناعمة 
  حذاء بيبي قماش ناعم 
  بطانية / لفة مواليد مطرزة 
 
المقاسات المتوفرة 
 
  حديثي الولادة (Newborn) 
  من 0 إلى 3 شهور 
  من 3 شهور إلى 6 شهور",http://eg.katkotna.com/wp-content/uploads/sites/3/2026/03/طقم-مواليد-اولاد-تاج-و-غصن-و-مرحبا.jpg,https://eg.katkotna.com/shop/baby-boy-newborn-set-royal-crown-branch-hello/,"أطقم مواليد أولاد","Katkotna EG","990EGP","in stock",453,,,,,,new,"published",,,,,,,,,,"https://eg.katkotna.com/fbcollection/","<p style='direction: rtl;'>طقم مواليد أولاد 6 قطع فاخر بتصميم مميز يجمع بين التاج والغصن وعبارة مرحبًا ليمنح طفلك إطلالة ملكية أنيقة من أول يوم، مصنوع من خامة قطنية ناعمة ومريحة على بشرة المواليد الحساسة، ومثالي للإستقبال، جلسات التصوير، والخروجات الأولى</p>

<h3 style='direction: rtl;' data-section-id='rkhs45' data-start='417' data-end='434'>مميزات المنتج</h3>
<ul data-start='621' data-end='869'>
 	<li style='direction: rtl;' data-section-id='z245ys' data-start='569' data-end='621'>تصميم أولادي أنيق بتطريز تاج وغصن وعبارة مرحبًا</li>
 	<li style='direction: rtl;' data-section-id='1aocdtt' data-start='622' data-end='659'>خامة ناعمة ومريحة للبشرة الحساسة</li>
 	<li style='direction: rtl;' data-section-id='551gxv' data-start='660' data-end='697'>مناسب للإستقبال ومثالي كهدية سبوع</li>
 	<li style='direction: rtl;' data-section-id='1qip0qc' data-start='698' data-end='724'>سهل اللبس والخلع بأزرار كبس عملية</li>
 	<li style='direction: rtl;' data-section-id='smuj74' data-start='725' data-end='766'>يتحمل الغسيل المتكرر ويحافظ على شكله</li>
 	<li style='direction: rtl;' data-section-id='19ib6dp' data-start='767' data-end='804'>مناسب كهدية راقية للمولود الجديد</li>
</ul>
<h3 style='direction: rtl;' data-section-id='15to1h4' data-start='579' data-end='596'>محتويات الطقم</h3>
<ul data-start='887' data-end='1016'>
 	<li style='direction: rtl;' data-section-id='1qze9it' data-start='887' data-end='916'>سالوبيت مواليد بأزرار كبس</li>
 	<li style='direction: rtl;' data-section-id='pep0t1' data-start='917' data-end='929'>كاب مطرز</li>
 	<li style='direction: rtl;' data-section-id='18syvti' data-start='930' data-end='948'>مريلة / بيبيتو</li>
 	<li style='direction: rtl;' data-section-id='18syvti' data-start='930' data-end='948'>قفازات قماش ناعمة</li>
 	<li style='direction: rtl;' data-section-id='1bwg3ow' data-start='949' data-end='986'>حذاء بيبي قماش ناعم</li>
 	<li style='direction: rtl;' data-section-id='1qvtznp' data-start='987' data-end='1016'>بطانية / لفة مواليد مطرزة</li>
</ul>
<h3 style='direction: rtl;' data-section-id='h9w2bq' data-start='705' data-end='726'>المقاسات المتوفرة</h3>
<ul data-start='1038' data-end='1085'>
 	<li style='direction: rtl;' data-section-id='1dw9m3n' data-start='1038' data-end='1065'>حديثي الولادة (Newborn)</li>
 	<li style='direction: rtl;' data-section-id='1jncg16' data-start='1066' data-end='1085'>من 0 إلى 3 شهور</li>
 	<li style='direction: rtl;' data-section-id='1jncg16' data-start='1066' data-end='1085'>من 3 شهور إلى 6 شهور</li>
</ul>",['no_shipping_class'],453,
451,"طقم مواليد بنات غصن أخضر وورد","طقم مواليد بنات رقيق 6 قطع بتصميم مستوحى من الطبيعة، يجمع بين الغصن الأخضر والورد ليمنح طفلتك إطلالة ناعمة وشيك، مصنوع من خامة قطنية مريحة وناعمة على بشرة المواليد الحساسة، مناسب للإستقبال والخروجات والإستخدام اليومي 
 
مميزات المنتج 
 
  تصميم بناتي أنيق برسمة غصن أخضر وورد 
  خامة ناعمة ومريحة للبشرة الحساسة 
  مناسب للإستقبال والزيارات الأولى 
  سهل اللبس والخلع بأزرار كبس عملية 
  يتحمل الغسيل المتكرر ويحافظ على شكله 
  هدية رائعة للمولودة الجديدة 
 
محتويات الطقم 
 
  سالوبيت مواليد بأزرار كبس 
  كاب مطرز 
  مريلة / بيبيتو 
  قفازات قماش ناعمة 
  حذاء بيبي قماش ناعم 
  بطانية / لفة مواليد مطرزة 
 
المقاسات المتوفرة 
 
  حديثي الولادة (Newborn) 
  من 0 إلى 3 شهور 
  من 3 شهور إلى 6 شهور",http://eg.katkotna.com/wp-content/uploads/sites/3/2026/03/طقم-مواليد-بنات-غصن-اخضر-و-ورد.jpg,https://eg.katkotna.com/shop/baby-girl-newborn-set-green-branch-rose/,"أطقم مواليد بنات","Katkotna EG","990EGP","in stock",451,,,,,,new,"published",,,,,,,,,,"https://eg.katkotna.com/fbcollection/","<p style='direction: rtl;'>طقم مواليد بنات رقيق 6 قطع بتصميم مستوحى من الطبيعة، يجمع بين الغصن الأخضر والورد ليمنح طفلتك إطلالة ناعمة وشيك، مصنوع من خامة قطنية مريحة وناعمة على بشرة المواليد الحساسة، مناسب للإستقبال والخروجات والإستخدام اليومي</p>

<h3 style='direction: rtl;' data-section-id='rkhs45' data-start='417' data-end='434'>مميزات المنتج</h3>
<ul data-start='621' data-end='869'>
 	<li style='direction: rtl;' data-section-id='r1a7g' data-start='473' data-end='514'>تصميم بناتي أنيق برسمة غصن أخضر وورد</li>
 	<li style='direction: rtl;' data-section-id='1aocdtt' data-start='515' data-end='552'>خامة ناعمة ومريحة للبشرة الحساسة</li>
 	<li style='direction: rtl;' data-section-id='551gxv' data-start='553' data-end='590'>مناسب للإستقبال والزيارات الأولى</li>
 	<li style='direction: rtl;' data-section-id='1qip0qc' data-start='591' data-end='617'>سهل اللبس والخلع بأزرار كبس عملية</li>
 	<li style='direction: rtl;' data-section-id='smuj74' data-start='618' data-end='659'>يتحمل الغسيل المتكرر ويحافظ على شكله</li>
 	<li style='direction: rtl;' data-section-id='170pfja' data-start='660' data-end='692'>هدية رائعة للمولودة الجديدة</li>
</ul>
<h3 style='direction: rtl;' data-section-id='15to1h4' data-start='579' data-end='596'>محتويات الطقم</h3>
<ul data-start='887' data-end='1016'>
 	<li style='direction: rtl;' data-section-id='1qze9it' data-start='887' data-end='916'>سالوبيت مواليد بأزرار كبس</li>
 	<li style='direction: rtl;' data-section-id='pep0t1' data-start='917' data-end='929'>كاب مطرز</li>
 	<li style='direction: rtl;' data-section-id='18syvti' data-start='930' data-end='948'>مريلة / بيبيتو</li>
 	<li style='direction: rtl;' data-section-id='18syvti' data-start='930' data-end='948'>قفازات قماش ناعمة</li>
 	<li style='direction: rtl;' data-section-id='1bwg3ow' data-start='949' data-end='986'>حذاء بيبي قماش ناعم</li>
 	<li style='direction: rtl;' data-section-id='1qvtznp' data-start='987' data-end='1016'>بطانية / لفة مواليد مطرزة</li>
</ul>
<h3 style='direction: rtl;' data-section-id='h9w2bq' data-start='705' data-end='726'>المقاسات المتوفرة</h3>
<ul data-start='1038' data-end='1085'>
 	<li style='direction: rtl;' data-section-id='1dw9m3n' data-start='1038' data-end='1065'>حديثي الولادة (Newborn)</li>
 	<li style='direction: rtl;' data-section-id='1jncg16' data-start='1066' data-end='1085'>من 0 إلى 3 شهور</li>
 	<li style='direction: rtl;' data-section-id='1jncg16' data-start='1066' data-end='1085'>من 3 شهور إلى 6 شهور</li>
</ul>",['no_shipping_class'],451,
449,"طقم مواليد بنات غصن أخضر وورد وفراشة","طقم مواليد بنات رقيق 6 قطع بتصميم مستوحى من الطبيعة، يجمع بين الغصن الأخضر والورد والفراشة ليمنح طفلتك إطلالة ناعمة ومميزة، مصنوع من خامات مريحة وناعمة على بشرة المواليد الحساسة، ومناسب للإستقبال والخروجات والإستخدام اليومي 
 
مميزات المنتج 
 
  تصميم بناتي أنيق برسمة غصن أخضر وورد وفراشة 
  خامة ناعمة ولطيفة على بشرة الطفل 
  مناسب للإستقبال والزيارات الأولى 
  سهل اللبس والخلع بأزرار كبس عملية 
  يحتفظ بجماله بعد الغسيل المتكرر 
  هدية مثالية للمولودة الجديدة 
 
محتويات الطقم 
 
  سالوبيت مواليد بأزرار كبس 
  كاب مطرز 
  مريلة / بيبيتو 
  قفازات قماش ناعمة 
  حذاء بيبي قماش ناعم 
  بطانية / لفة مواليد مطرزة 
 
المقاسات المتوفرة 
 
  حديثي الولادة (Newborn) 
  من 0 إلى 3 شهور 
  من 3 شهور إلى 6 شهور",http://eg.katkotna.com/wp-content/uploads/sites/3/2026/03/girls-angel-with-tree-baby-set-white.png,https://eg.katkotna.com/shop/baby-girl-newborn-set-green-branch-rose-butterfly/,"أطقم مواليد بنات","Katkotna EG","990EGP","in stock",449,,"http://eg.katkotna.com/wp-content/uploads/sites/3/2026/03/girls-angel-with-tree-baby-set-white-pink.png",,,,new,"published",,,,,,,,,,"https://eg.katkotna.com/fbcollection/","<p style='direction: rtl;'>طقم مواليد بنات رقيق 6 قطع بتصميم مستوحى من الطبيعة، يجمع بين الغصن الأخضر والورد والفراشة ليمنح طفلتك إطلالة ناعمة ومميزة، مصنوع من خامات مريحة وناعمة على بشرة المواليد الحساسة، ومناسب للإستقبال والخروجات والإستخدام اليومي</p>

<h3 style='direction: rtl;' data-section-id='rkhs45' data-start='417' data-end='434'>مميزات المنتج</h3>
<ul data-start='621' data-end='869'>
 	<li style='direction: rtl;' data-section-id='ndealn' data-start='532' data-end='580'>تصميم بناتي أنيق برسمة غصن أخضر وورد وفراشة</li>
 	<li style='direction: rtl;' data-section-id='va5oq7' data-start='581' data-end='618'>خامة ناعمة ولطيفة على بشرة الطفل</li>
 	<li style='direction: rtl;' data-section-id='551gxv' data-start='619' data-end='656'>مناسب للإستقبال والزيارات الأولى</li>
 	<li style='direction: rtl;' data-section-id='1qip0qc' data-start='657' data-end='683'>سهل اللبس والخلع بأزرار كبس عملية</li>
 	<li style='direction: rtl;' data-section-id='1v898ma' data-start='684' data-end='720'>يحتفظ بجماله بعد الغسيل المتكرر</li>
 	<li style='direction: rtl;' data-section-id='10el26g' data-start='721' data-end='754'>هدية مثالية للمولودة الجديدة</li>
</ul>
<h3 style='direction: rtl;' data-section-id='15to1h4' data-start='579' data-end='596'>محتويات الطقم</h3>
<ul data-start='887' data-end='1016'>
 	<li style='direction: rtl;' data-section-id='1qze9it' data-start='887' data-end='916'>سالوبيت مواليد بأزرار كبس</li>
 	<li style='direction: rtl;' data-section-id='pep0t1' data-start='917' data-end='929'>كاب مطرز</li>
 	<li style='direction: rtl;' data-section-id='18syvti' data-start='930' data-end='948'>مريلة / بيبيتو</li>
 	<li style='direction: rtl;' data-section-id='18syvti' data-start='930' data-end='948'>قفازات قماش ناعمة</li>
 	<li style='direction: rtl;' data-section-id='1bwg3ow' data-start='949' data-end='986'>حذاء بيبي قماش ناعم</li>
 	<li style='direction: rtl;' data-section-id='1qvtznp' data-start='987' data-end='1016'>بطانية / لفة مواليد مطرزة</li>
</ul>
<h3 style='direction: rtl;' data-section-id='h9w2bq' data-start='705' data-end='726'>المقاسات المتوفرة</h3>
<ul data-start='1038' data-end='1085'>
 	<li style='direction: rtl;' data-section-id='1dw9m3n' data-start='1038' data-end='1065'>حديثي الولادة (Newborn)</li>
 	<li style='direction: rtl;' data-section-id='1jncg16' data-start='1066' data-end='1085'>من 0 إلى 3 شهور</li>
 	<li style='direction: rtl;' data-section-id='1jncg16' data-start='1066' data-end='1085'>من 3 شهور إلى 6 شهور</li>
</ul>",['no_shipping_class'],449,
447,"طقم مواليد أولاد غصن وفراشات","طقم مواليد أولاد أنيق ومميز بتصميم غصن وفراشات يضيف لمسة راقية وهادية لطفلك، مصنوع من خامات ناعمة تناسب بشرة المواليد الحساسة، ومثالي للاستقبال أو الاستخدام اليومي مع مظهر شيك ومريح 
 
مميزات المنتج 
 
  خامة ناعمة ومريحة على بشرة الطفل 
  تصميم تطريزغصن وفراشات مميز وأنيق 
  مناسب للاستقبال والخروجات والبيت 
  سهل اللبس والخلع للأم 
  يتحمل الغسيل المتكرر ويحافظ على شكله 
  مناسب كهدية للمولود الجديد 
 
محتويات الطقم 
 
  سالوبيت مواليد بأزرار كبس 
  كاب مطرز 
  مريلة / بيبيتو 
  قفازات قماش ناعمة 
  حذاء بيبي قماش ناعم 
  بطانية / لفة مواليد مطرزة 
 
المقاسات المتوفرة 
 
  حديثي الولادة (Newborn) 
  من 0 إلى 3 شهور 
  من 3 شهور إلى 6 شهور3",http://eg.katkotna.com/wp-content/uploads/sites/3/2026/03/طقم-مواليد-اولاد-غصن-و-فراشات-.jpg,https://eg.katkotna.com/shop/%d8%b7%d9%82%d9%85-%d9%85%d9%88%d8%a7%d9%84%d9%8a%d8%af-%d8%a3%d9%88%d9%84%d8%a7%d8%af-%d8%ba%d8%b5%d9%86-%d9%88%d9%81%d8%b1%d8%a7%d8%b4%d8%a7%d8%aa/,"أطقم مواليد أولاد","Katkotna EG","990EGP","in stock",447,,,,,,new,"published",,,,,,,,,,"https://eg.katkotna.com/fbcollection/","<p style='direction: rtl;'>طقم مواليد أولاد أنيق ومميز بتصميم غصن وفراشات يضيف لمسة راقية وهادية لطفلك، مصنوع من خامات ناعمة تناسب بشرة المواليد الحساسة، ومثالي للاستقبال أو الاستخدام اليومي مع مظهر شيك ومريح</p>

<h3 style='direction: rtl;' data-section-id='rkhs45' data-start='417' data-end='434'>مميزات المنتج</h3>
<ul data-start='621' data-end='869'>
 	<li style='direction: rtl;' data-section-id='nu6xdw' data-start='562' data-end='599'>خامة ناعمة ومريحة على بشرة الطفل</li>
 	<li style='direction: rtl;' data-section-id='1j97hbp' data-start='600' data-end='643'>تصميم تطريزغصن وفراشات مميز وأنيق</li>
 	<li style='direction: rtl;' data-section-id='pltg40' data-start='644' data-end='681'>مناسب للاستقبال والخروجات والبيت</li>
 	<li style='direction: rtl;' data-section-id='1qip0qc' data-start='682' data-end='708'>سهل اللبس والخلع للأم</li>
 	<li style='direction: rtl;' data-section-id='smuj74' data-start='709' data-end='750'>يتحمل الغسيل المتكرر ويحافظ على شكله</li>
 	<li style='direction: rtl;' data-section-id='1k90osa' data-start='751' data-end='782'>مناسب كهدية للمولود الجديد</li>
</ul>
<h3 style='direction: rtl;' data-section-id='15to1h4' data-start='579' data-end='596'>محتويات الطقم</h3>
<ul data-start='887' data-end='1016'>
 	<li style='direction: rtl;' data-section-id='1qze9it' data-start='887' data-end='916'>سالوبيت مواليد بأزرار كبس</li>
 	<li style='direction: rtl;' data-section-id='pep0t1' data-start='917' data-end='929'>كاب مطرز</li>
 	<li style='direction: rtl;' data-section-id='18syvti' data-start='930' data-end='948'>مريلة / بيبيتو</li>
 	<li style='direction: rtl;' data-section-id='18syvti' data-start='930' data-end='948'>قفازات قماش ناعمة</li>
 	<li style='direction: rtl;' data-section-id='1bwg3ow' data-start='949' data-end='986'>حذاء بيبي قماش ناعم</li>
 	<li style='direction: rtl;' data-section-id='1qvtznp' data-start='987' data-end='1016'>بطانية / لفة مواليد مطرزة</li>
</ul>
<h3 style='direction: rtl;' data-section-id='h9w2bq' data-start='705' data-end='726'>المقاسات المتوفرة</h3>
<ul data-start='1038' data-end='1085'>
 	<li style='direction: rtl;' data-section-id='1dw9m3n' data-start='1038' data-end='1065'>حديثي الولادة (Newborn)</li>
 	<li style='direction: rtl;' data-section-id='1jncg16' data-start='1066' data-end='1085'>من 0 إلى 3 شهور</li>
 	<li style='direction: rtl;' data-section-id='1jncg16' data-start='1066' data-end='1085'>من 3 شهور إلى 6 شهور3</li>
</ul>
&nbsp;",['no_shipping_class'],447,
445,"طقم مواليد بنات ملاك","طقم مواليد بناتي 6 قطع جميل مصمم لحديثي الولادة برسمة ملاك تضيف لمسة من البراءة والنعومة، مناسب للمولود الجديد في الأيام الأولى من حياته، يوفر لمسة لطيفة وخامة مريحة للبشرة الحساسة 
 
مميزات المنتج 
 
  تصميم لطيف برسمة ملاك جذابة 
  خامات ناعمة ومريحة لبشرة الرضع 
  سهل الارتداء والخلع للرضع 
  يتحمل الغسيل المتكرر دون أن يتلف 
  مثالي كهدية للمولود الجديد 
 
محتويات الطقم 
 
  سالوبيت مواليد بأزرار كبس 
  كاب مطرز 
  مريلة / بيبيتو 
  قفازات قماش ناعمة 
  حذاء بيبي قماش ناعم 
  بطانية / لفة مواليد مطرزة 
 
المقاسات المتوفرة 
 
  حديثي الولادة (Newborn) 
  من 0 إلى 3 شهور 
  من 3 شهور إلى 6 شهور",http://eg.katkotna.com/wp-content/uploads/sites/3/2026/03/girls-angel-baby-set-white.png,https://eg.katkotna.com/shop/baby-girl-newborn-set-little-angel/,"أطقم مواليد بنات","Katkotna EG","990EGP","in stock",445,,"http://eg.katkotna.com/wp-content/uploads/sites/3/2026/03/girls-angel-baby-set-Pink.png",,,,new,"published",,"ابيض | وردي فاتح",,,,,,,,"https://eg.katkotna.com/fbcollection/","<p style='direction: rtl;' data-start='275' data-end='455'>طقم مواليد بناتي 6 قطع جميل مصمم لحديثي الولادة برسمة ملاك تضيف لمسة من البراءة والنعومة، مناسب للمولود الجديد في الأيام الأولى من حياته، يوفر لمسة لطيفة وخامة مريحة للبشرة الحساسة</p>

<h3 style='direction: rtl;' data-section-id='rkhs45' data-start='417' data-end='434'>مميزات المنتج</h3>
<ul data-start='621' data-end='869'>
 	<li style='direction: rtl;' data-section-id='1arftqq' data-start='478' data-end='510'>تصميم لطيف برسمة ملاك جذابة</li>
 	<li style='direction: rtl;' data-section-id='1m3j3fg' data-start='511' data-end='546'>خامات ناعمة ومريحة لبشرة الرضع</li>
 	<li style='direction: rtl;' data-section-id='19uiu5i' data-start='547' data-end='577'>سهل الارتداء والخلع للرضع</li>
 	<li style='direction: rtl;' data-section-id='ivfcao' data-start='578' data-end='615'>يتحمل الغسيل المتكرر دون أن يتلف</li>
 	<li style='direction: rtl;' data-section-id='1njgmbm' data-start='616' data-end='645'>مثالي كهدية للمولود الجديد</li>
</ul>
<h3 style='direction: rtl;' data-section-id='15to1h4' data-start='579' data-end='596'>محتويات الطقم</h3>
<ul data-start='887' data-end='1016'>
 	<li style='direction: rtl;' data-section-id='1qze9it' data-start='887' data-end='916'>سالوبيت مواليد بأزرار كبس</li>
 	<li style='direction: rtl;' data-section-id='pep0t1' data-start='917' data-end='929'>كاب مطرز</li>
 	<li style='direction: rtl;' data-section-id='18syvti' data-start='930' data-end='948'>مريلة / بيبيتو</li>
 	<li style='direction: rtl;' data-section-id='18syvti' data-start='930' data-end='948'>قفازات قماش ناعمة</li>
 	<li style='direction: rtl;' data-section-id='1bwg3ow' data-start='949' data-end='986'>حذاء بيبي قماش ناعم</li>
 	<li style='direction: rtl;' data-section-id='1qvtznp' data-start='987' data-end='1016'>بطانية / لفة مواليد مطرزة</li>
</ul>
<h3 style='direction: rtl;' data-section-id='h9w2bq' data-start='705' data-end='726'>المقاسات المتوفرة</h3>
<ul data-start='1038' data-end='1085'>
 	<li style='direction: rtl;' data-section-id='1dw9m3n' data-start='1038' data-end='1065'>حديثي الولادة (Newborn)</li>
 	<li style='direction: rtl;' data-section-id='1jncg16' data-start='1066' data-end='1085'>من 0 إلى 3 شهور</li>
 	<li style='direction: rtl;' data-section-id='1jncg16' data-start='1066' data-end='1085'>من 3 شهور إلى 6 شهور</li>
</ul>",['no_shipping_class'],445,
439,"طقم مواليد أولاد إكليل","طقم مواليد أولادي فاخر 6 قطع مصنوع من خامة قطنية ناعمة جدًا على بشرة الطفل الحساسة. يتميز الطقم بتصميم مطرز بشكل إكليل من الأغصان باللون الأزرق والأسود، ما يمنحه شكل راقٍ ومميز يناسب الاستقبال، التصوير، والخروجات الأولى. اختيار مثالي كهدية سبوع أو للمولود الجديد، يجمع بين الراحة والفخامة في نفس الوقت 
مميزات المنتج 
 
 
  خامة قطن 100% ناعمة ومريحة 
  مناسب للبشرة الحساسة لحديثي الولادة 
  تطريز فاخر ثابت لا يتلف مع الغسيل 
  تصميم أنيق ومميز للأولاد 
  سهل اللبس والخلع بأزرار كبس عملية 
  مناسب للاستخدام اليومي أو المناسبات 
  جودة عالية وعمر استخدام أطول 
 
محتويات الطقم 
 
 
  سالوبيت مواليد بأزرار كبس 
  كاب مطرز 
  مريلة / بيبيتو 
  قفازات قماش ناعمة 
  حذاء بيبي قماش ناعم 
  بطانية / لفة مواليد مطرزة 
 
المقاسات المتوفرة 
 
 
  حديثي الولادة (Newborn) 
  من 0 إلى 3 شهور 
  من 3 شهور إلى 6 شهور",http://eg.katkotna.com/wp-content/uploads/sites/3/2026/03/طقم-مواليد-اولاد-تاج-من-الغصن-1.jpg,https://eg.katkotna.com/shop/baby-boy-newborn-set-floral-wreath/,"أطقم مواليد أولاد","Katkotna EG","990EGP","in stock",439,,,,,,new,"published",,,,,,,,,,"https://eg.katkotna.com/fbcollection/","<p style='direction: rtl;' data-start='245' data-end='603'>طقم مواليد أولادي فاخر 6 قطع مصنوع من خامة قطنية ناعمة جدًا على بشرة الطفل الحساسة. يتميز الطقم بتصميم مطرز بشكل إكليل من الأغصان باللون الأزرق والأسود، ما يمنحه شكل راقٍ ومميز يناسب الاستقبال، التصوير، والخروجات الأولى. اختيار مثالي كهدية سبوع أو للمولود الجديد، يجمع بين الراحة والفخامة في نفس الوقت</p>
<p style='direction: rtl;' data-start='605' data-end='620'>مميزات المنتج</p>

<ul data-start='621' data-end='869'>
 	<li style='direction: rtl;' data-section-id='1khu4' data-start='621' data-end='651'>خامة قطن 100% ناعمة ومريحة</li>
 	<li style='direction: rtl;' data-section-id='umx6xc' data-start='652' data-end='691'>مناسب للبشرة الحساسة لحديثي الولادة</li>
 	<li style='direction: rtl;' data-section-id='13msyd1' data-start='692' data-end='729'>تطريز فاخر ثابت لا يتلف مع الغسيل</li>
 	<li style='direction: rtl;' data-section-id='1prs1c7' data-start='730' data-end='758'>تصميم أنيق ومميز للأولاد</li>
 	<li style='direction: rtl;' data-section-id='12lao1t' data-start='759' data-end='796'>سهل اللبس والخلع بأزرار كبس عملية</li>
 	<li style='direction: rtl;' data-section-id='56xyam' data-start='797' data-end='836'>مناسب للاستخدام اليومي أو المناسبات</li>
 	<li style='direction: rtl;' data-section-id='7x0x6b' data-start='837' data-end='869'>جودة عالية وعمر استخدام أطول</li>
</ul>
<p style='direction: rtl;' data-start='871' data-end='886'>محتويات الطقم</p>

<ul data-start='887' data-end='1016'>
 	<li style='direction: rtl;' data-section-id='1qze9it' data-start='887' data-end='916'>سالوبيت مواليد بأزرار كبس</li>
 	<li style='direction: rtl;' data-section-id='pep0t1' data-start='917' data-end='929'>كاب مطرز</li>
 	<li style='direction: rtl;' data-section-id='18syvti' data-start='930' data-end='948'>مريلة / بيبيتو</li>
 	<li style='direction: rtl;' data-section-id='18syvti' data-start='930' data-end='948'>قفازات قماش ناعمة</li>
 	<li style='direction: rtl;' data-section-id='1bwg3ow' data-start='949' data-end='986'>حذاء بيبي قماش ناعم</li>
 	<li style='direction: rtl;' data-section-id='1qvtznp' data-start='987' data-end='1016'>بطانية / لفة مواليد مطرزة</li>
</ul>
<p style='direction: rtl;' data-start='1018' data-end='1037'>المقاسات المتوفرة</p>

<ul data-start='1038' data-end='1085'>
 	<li style='direction: rtl;' data-section-id='1dw9m3n' data-start='1038' data-end='1065'>حديثي الولادة (Newborn)</li>
 	<li style='direction: rtl;' data-section-id='1jncg16' data-start='1066' data-end='1085'>من 0 إلى 3 شهور</li>
 	<li style='direction: rtl;' data-section-id='1jncg16' data-start='1066' data-end='1085'>من 3 شهور إلى 6 شهور</li>
</ul>",['no_shipping_class'],439,
428,"طقم مواليد بالاسم","طقم مواليد مكون من 6 قطع أنيق وناعم مصنوع من قطن مريح ولطيف على بشرة الطفل الحساسة، يتميز الطقم بتطريز اسم المولود بشكل جميل يعطيه لمسة شخصية مميزة، ويجعله خيار رائع للإستخدام اليومي أو كهدية للمولود الجديد، التصميم عملي وسهل اللبس، والخامة القطنية تساعد على راحة الطفل طوال اليوم 
 
مميزات المنتج 
 
  خامة قطن 100% ناعمة ومريحة 
  مناسب للبشرة الحساسة لحديثي الولادة 
  تطريز فاخر ثابت لا يتلف مع الغسيل 
  تصميم أنيق ومميز للأولاد 
  سهل اللبس والخلع بأزرار كبس عملية 
  مناسب للاستخدام اليومي أو المناسبات 
  جودة عالية وعمر استخدام أطول 
 
محتويات الطقم 
 
  سالوبيت مواليد بأزرار كبس 
  كاب مطرز 
  مريلة / بيبيتو 
  قفازات قماش ناعمة 
  حذاء بيبي قماش ناعم 
  بطانية / لفة مواليد مطرزة 
 
المقاسات المتوفرة 
 
  حديثي الولادة (Newborn) 
  من 0 إلى 3 شهور 
  من 3 شهور إلى 6 شهور",http://eg.katkotna.com/wp-content/uploads/sites/3/2026/03/طقم-مواليد-بالاسم.png,https://eg.katkotna.com/shop/baby-newborn-set-custom-name/,"أطقم مواليد أولاد","Katkotna EG","990EGP","in stock",428,,,,,,new,"published",,,,,,,,,,"https://eg.katkotna.com/fbcollection/","<p style='direction: rtl;' data-start='147' data-end='340'>طقم مواليد مكون من 6 قطع أنيق وناعم مصنوع من قطن مريح ولطيف على بشرة الطفل الحساسة، يتميز الطقم بتطريز اسم المولود بشكل جميل يعطيه لمسة شخصية مميزة، ويجعله خيار رائع للإستخدام اليومي أو كهدية للمولود الجديد، التصميم عملي وسهل اللبس، والخامة القطنية تساعد على راحة الطفل طوال اليوم</p>

<h3 style='direction: rtl;' data-section-id='rkhs45' data-start='417' data-end='434'>مميزات المنتج</h3>
<ul data-start='621' data-end='869'>
 	<li style='direction: rtl;' data-section-id='1khu4' data-start='621' data-end='651'>خامة قطن 100% ناعمة ومريحة</li>
 	<li style='direction: rtl;' data-section-id='umx6xc' data-start='652' data-end='691'>مناسب للبشرة الحساسة لحديثي الولادة</li>
 	<li style='direction: rtl;' data-section-id='13msyd1' data-start='692' data-end='729'>تطريز فاخر ثابت لا يتلف مع الغسيل</li>
 	<li style='direction: rtl;' data-section-id='1prs1c7' data-start='730' data-end='758'>تصميم أنيق ومميز للأولاد</li>
 	<li style='direction: rtl;' data-section-id='12lao1t' data-start='759' data-end='796'>سهل اللبس والخلع بأزرار كبس عملية</li>
 	<li style='direction: rtl;' data-section-id='56xyam' data-start='797' data-end='836'>مناسب للاستخدام اليومي أو المناسبات</li>
 	<li style='direction: rtl;' data-section-id='7x0x6b' data-start='837' data-end='869'>جودة عالية وعمر استخدام أطول</li>
</ul>
<h3 style='direction: rtl;' data-section-id='15to1h4' data-start='579' data-end='596'>محتويات الطقم</h3>
<ul data-start='887' data-end='1016'>
 	<li style='direction: rtl;' data-section-id='1qze9it' data-start='887' data-end='916'>سالوبيت مواليد بأزرار كبس</li>
 	<li style='direction: rtl;' data-section-id='pep0t1' data-start='917' data-end='929'>كاب مطرز</li>
 	<li style='direction: rtl;' data-section-id='18syvti' data-start='930' data-end='948'>مريلة / بيبيتو</li>
 	<li style='direction: rtl;' data-section-id='18syvti' data-start='930' data-end='948'>قفازات قماش ناعمة</li>
 	<li style='direction: rtl;' data-section-id='1bwg3ow' data-start='949' data-end='986'>حذاء بيبي قماش ناعم</li>
 	<li style='direction: rtl;' data-section-id='1qvtznp' data-start='987' data-end='1016'>بطانية / لفة مواليد مطرزة</li>
</ul>
<h3 style='direction: rtl;' data-section-id='h9w2bq' data-start='705' data-end='726'>المقاسات المتوفرة</h3>
<ul data-start='1038' data-end='1085'>
 	<li style='direction: rtl;' data-section-id='1dw9m3n' data-start='1038' data-end='1065'>حديثي الولادة (Newborn)</li>
 	<li style='direction: rtl;' data-section-id='1jncg16' data-start='1066' data-end='1085'>من 0 إلى 3 شهور</li>
 	<li style='direction: rtl;' data-section-id='1jncg16' data-start='1066' data-end='1085'>من 3 شهور إلى 6 شهور</li>
</ul>",['no_shipping_class'],428,
